-- phpMyAdmin SQL Dump
-- version 5.1.1
-- https://www.phpmyadmin.net/
--
-- Host: 127.0.0.1
-- Generation Time: Jul 11, 2021 at 08:19 AM
-- Server version: 10.4.19-MariaDB
-- PHP Version: 8.0.7

SET SQL_MODE = "NO_AUTO_VALUE_ON_ZERO";
START TRANSACTION;
SET time_zone = "+00:00";


/*!40101 SET @OLD_CHARACTER_SET_CLIENT=@@CHARACTER_SET_CLIENT */;
/*!40101 SET @OLD_CHARACTER_SET_RESULTS=@@CHARACTER_SET_RESULTS */;
/*!40101 SET @OLD_COLLATION_CONNECTION=@@COLLATION_CONNECTION */;
/*!40101 SET NAMES utf8mb4 */;

--
-- Database: `school`
--

-- --------------------------------------------------------

--
-- Table structure for table `admin`
--

CREATE TABLE `admin` (
  `admin_id` int(15) NOT NULL,
  `username` varchar(32) NOT NULL,
  `password` varchar(32) NOT NULL,
  `admin_access` varchar(1) NOT NULL
) ENGINE=InnoDB DEFAULT CHARSET=utf8mb4;

--
-- Dumping data for table `admin`
--

INSERT INTO `admin` (`admin_id`, `username`, `password`, `admin_access`) VALUES
(1, 'admin', 'admin', '1'),
(2, 'user1', '123', '0'),
(6, 'poch', '1234567', '0');

-- --------------------------------------------------------

--
-- Table structure for table `history_log`
--

CREATE TABLE `history_log` (
  `history_log_id` int(15) NOT NULL,
  `admin_username` varchar(15) NOT NULL,
  `log` varchar(1) NOT NULL,
  `dateTime_log` timestamp NOT NULL DEFAULT current_timestamp() ON UPDATE current_timestamp()
) ENGINE=InnoDB DEFAULT CHARSET=utf8mb4;

--
-- Dumping data for table `history_log`
--

INSERT INTO `history_log` (`history_log_id`, `admin_username`, `log`, `dateTime_log`) VALUES
(4, 'admin', '1', '2021-07-11 06:18:29'),
(5, 'admin', '0', '2021-07-11 06:18:34');

-- --------------------------------------------------------

--
-- Table structure for table `log_record`
--

CREATE TABLE `log_record` (
  `log_id` int(15) NOT NULL,
  `student_number` int(15) NOT NULL,
  `attendance` varchar(1) NOT NULL,
  `date_time` timestamp NOT NULL DEFAULT current_timestamp() ON UPDATE current_timestamp()
) ENGINE=InnoDB DEFAULT CHARSET=utf8mb4;

--
-- Dumping data for table `log_record`
--

INSERT INTO `log_record` (`log_id`, `student_number`, `attendance`, `date_time`) VALUES
(26, 15, '1', '2021-07-01 08:24:53'),
(27, 15, '0', '2021-07-01 08:24:54'),
(28, 15, '1', '2021-07-01 08:24:55'),
(29, 15, '0', '2021-07-01 08:24:56'),
(30, 16, '1', '2021-07-01 08:25:12'),
(31, 16, '0', '2021-07-01 08:25:13'),
(32, 17, '1', '2021-07-01 08:25:44'),
(33, 17, '0', '2021-07-01 08:25:45'),
(34, 15, '1', '2021-07-01 09:03:29'),
(35, 15, '0', '2021-07-01 09:03:30'),
(36, 15, '1', '2021-07-01 09:03:32'),
(37, 15, '0', '2021-07-01 09:03:47'),
(38, 15, '1', '2021-07-01 09:03:49'),
(39, 15, '0', '2021-07-01 09:12:58'),
(40, 15, '1', '2021-07-01 09:13:00'),
(41, 15, '0', '2021-07-01 09:13:02'),
(42, 15, '1', '2021-07-01 09:13:03'),
(43, 16, '1', '2021-07-01 09:36:44'),
(44, 16, '0', '2021-07-01 09:36:45'),
(45, 16, '1', '2021-07-01 09:36:46'),
(46, 16, '0', '2021-07-01 09:36:47'),
(47, 15, '0', '2021-07-04 14:34:27'),
(48, 15, '1', '2021-07-04 14:34:30'),
(49, 15, '0', '2021-07-04 14:34:32'),
(50, 15, '1', '2021-07-04 14:34:34'),
(51, 15, '0', '2021-07-04 14:40:31'),
(52, 48, '1', '2021-07-04 14:40:40'),
(53, 48, '0', '2021-07-04 14:40:44'),
(54, 48, '1', '2021-07-04 14:40:47'),
(55, 15, '1', '2021-07-04 14:40:50'),
(56, 15, '0', '2021-07-04 14:40:51'),
(57, 23, '1', '2021-07-04 14:41:09'),
(58, 15, '1', '2021-07-04 14:41:57'),
(59, 15, '0', '2021-07-04 14:41:59'),
(60, 49, '1', '2021-07-04 15:04:02'),
(61, 49, '0', '2021-07-04 15:04:05'),
(62, 15, '1', '2021-07-04 15:11:41'),
(63, 15, '0', '2021-07-04 15:11:43'),
(64, 15, '1', '2021-07-05 03:59:08'),
(65, 15, '0', '2021-07-05 03:59:10'),
(66, 15, '1', '2021-07-05 03:59:12'),
(67, 15, '0', '2021-07-05 03:59:14'),
(68, 15, '1', '2021-07-05 03:59:15'),
(69, 15, '0', '2021-07-05 03:59:18'),
(70, 49, '1', '2021-07-05 03:59:22'),
(71, 49, '0', '2021-07-05 03:59:24'),
(72, 50, '1', '2021-07-05 04:24:43'),
(73, 50, '0', '2021-07-05 04:24:45');

-- --------------------------------------------------------

--
-- Table structure for table `student`
--

CREATE TABLE `student` (
  `student_number` int(15) NOT NULL,
  `lrn` int(30) NOT NULL,
  `first_name` varchar(64) NOT NULL,
  `last_name` varchar(64) NOT NULL,
  `course` varchar(64) NOT NULL,
  `section` varchar(32) NOT NULL,
  `pic` mediumblob NOT NULL
) ENGINE=InnoDB DEFAULT CHARSET=utf8mb4;

--
-- Dumping data for table `student`
--

INSERT INTO `student` (`student_number`, `lrn`, `first_name`, `last_name`, `course`, `section`, `pic`) VALUES
(15, 201910498, 'Pocholo', 'Gopez', 'BSIT', 'A', 0x89504e470d0a1a0a0000000d49484452000000c0000000c00802000000ddbefb50000000017352474200aece1ce90000000467414d410000b18f0bfc6105000000097048597300000ec300000ec301c76fa8640000fd8449444154785e6cbd05631cc7b2fe7d3ecd3d8941cc32c50ed989c30c76626694516c3133acb4bcda1533d9b2c5cc68991283d89073bfc2fb3cd5336b9ffb7f95cab8a7a7a7bba7eb3755d53db3bbff7af5e69f97af5ebd7cfdead5eb37af5ffff3facd3fcc79fde6e59bd7c879f9fa35e59508d3af5ebe79f38af21a090a725ebfde78f3665d4abefae7cdabfffcf3ea1f56c262ffb08c54f87a435a79c91cd4f6ea25aa7803617a8395a003afe5149cfe6603b5318d2daa7d839ec851eebe5225d937a99039948d37aa1e1e5247375ebd9446d96d2654075e2393f91b2f5fadbf7c89edc6abd7ebd87da53af01a4dafbf52bd65feeac6cbe5d5b5bf9fbf78fee2c5c64bd4c10e4b79eec8b070cb0a45a4091e5d47cd2fe5905cbb76545a419f91c97e6200e51a31807a0ec7ea358651b4a006e4f53fffbcf9e73fd84238bcff6142c91b6cdfbcc1f6cd7ffef31af9fff9e7cdfffe8769967f4341ce3fff91d3ff8392ea1a5fbea11e5fbe1635b12dea8edd535ae388e1a80ca3f40de9b58d8df58df5358cd8abd77f3f5b9a9c9eb9bf30fbf2e5fabf504206e2156ae1c95217447625ade871038496640864f70daa935153bbaa060ae140cf808b945763f74e319590be4213ac5ee380f9ee3e704b7dbc3d0471d7f3b6574a90ff06396e55a90475a988d145b851186d702b2431134749832424676de3e5eac6c6f2daea8be5a5d5b555399d27aaf252ad20f81297a01d420d1c13724980e41411e42b8eff4fe7e53ee4687358e4ee722770478b703c0514510ac656dde7c2876cdf285624ff8d60849197f2ccd18a4925726f8b8edc09d6c95e1177ec72b4b54e7264d6391a48ab4b06461893e5d5f585078fa62627ff7a7c5f00528a942b61ef756d51f192a062c88a1a29b5abeb49151085493daa4f4487f4c8fda40a53c1aa7732344295aa9c796a04a975e14075406860799e2247a927ed905b31d8c5edaba5352d8a40c13415e4e3d5fa06ae7f83a38004d3524691a468d0132a5f95e478e1ac573851b6fa29d85d7bb9beb681e14579340110393842a4f404655ebd5c5d5f5f5b5f453d92293523a13052d7c20be4c56a3ae3c8bc55812e6a7c30aa1c4c8ec63bf64961a144e12200fdc7cd87d049b6686c5818bbffe1e9c857b5893a50b3ae0ed52855b9bef16a0dd78ffe8b315e83084328f97469757874bceb4e0b0052d4ab0b90f6a81e5e182f8fdca8041b20a4d280e4f3faa93c169651c358c8f5eb03c173559fe4740d321c6287dc28b069695dd2e289a403e24aa07bc9977ab456fe4b588f7440d9035c2771512888762587b6044381eb17805e619778e930f1104db480a2d05109d92addb33c77510c05505e03e81d4143844c4aa20602b40a8436b4fe4801f45651a85f358688c2eb951c5c29ef34ed92394aba9bd68150c3cb1cb13a92aff80040f4743a3ddcc201c9cdac652ab304e785ca559d52e13bca92b434cd01e7f8639c5f0b3aea12d0fbd7af97375e0e8f4fb9ec760148ebba745aedf27a985000494ca02e46a1005167f1a8d21f0b4b2607825c735cd637a4304b32c171d1faaac20e7594fd53c34726545ace92320835a4639223ba9462644becaae41035d19cdc22729d2823ce853ae3c5131a04346a14b84579da18e4d0ccc05541d5f84ff86026795205145b6fd3821dcba02ac911b0d8041b626d3ca43893a6df0548e185eec97561abc650c6560d2333b1ab0d2cf345290a080c85321b6239809162c52db24b3343510a25341a4014d185c4404a175434ed999e9071169178911d9081950bc798c3ccbe7a8d8b1a9f5eb05b5d0a2034264aa2202169b113529d2883d72617f3fa1f2a8ff56ad060576a90d3959aa5063504840fbb1c0ba996c21e8848426b11c256f462520f1b554e532185a30a20562bfa780720d18dd21fd24487178cad1413ab23b8bc5c052e702ec20a73d6810eac05136284e4444109f9ff0f400a059691a3a8470388d56a240937ea2c02c4c27473d2310c1d3285123502ea9265789950c325432da3c41cdc99ea9ee4a8f2fe5446480d94c0a411a3890e10dc9016fd88d5914ccc99c8ab34a41895a16607509b0e90a875fdb5dc666287d8676e5f336cc4386fbc9c98bdef7056ff8b3d100d29b78784083bba41aa501795c1ad542dcd231339748dd218cbab8bd10439d22d5ce7db32d269292683255b555ecabcdda5c8b0ca756af932d07a370890dcca1a4f142a55bbb9b1552a575a67dc472644bb28b0bab1be244131352d8647132926e5dfe688084c92cffa91a3285957206a8794531393a39fa51596d6557f545a778b7239dac0ea098cb60ca03e14c8945d3a32b5ab8447c190668d1835bbfd942ef0686f03678c3cb6b4466202441d4a659c412312d01a95567854c65f1b611a7bc5901ac6f595f58dd1e97993a3e25f28a7d05156511a66a5523545d4835a24cdcba3b674a59265d955f784760a9dab3a5d0748e5eb0c31813a91508764cb3a6510a572a9f6bf065a13d51f119a198840a3ee0f15e589762553744cbdb280960f8daeaf2fafac2880945ee1bf940b23073c453351088029da2184330049cab07e265618e530cc212e5a55e22899668b6e6a1552cc87ddd2facc9b99a3e136debc2e5c08c744b4c0cb5483c661d187f7ed90ea2a53a068a1b4dbfc901b25a25faa9847d91c0c099aa6cac45168e32f2d4a42538462881a4742a5651c36d697d7d68727664b4c65ffc2fc1db5a00dd539552976151c42a5ce3e799466b4eab44a297a0fe4dadcf0715074165986c5f4b6d42e9be00568204abf553e84bc6bf9d234079de5655714a06646d01f70c056dd25dc2a8745b5e182dd5b8832182a07d6025b41841088fd101de3f642f08bcc154ea2982948a109e5f5589eb2863298dc6facae69241135115500098eb812ad0372145bfdd2d458e192c5a6ca78aa11e0204801e6882e91a333c481550683a8c9944a6092b5bc77ec909825ce85d5aee4509ba893764e6052f88a289d329fa28fbc980c8eaa8a13c4192faf6d8c4dcfdb1c95b4401a228cd8d14b37070213bb8ef345a3a239a5547501aa01b76827ea17f6567094d5b2807849e9a8de905ebfaa840940b081f04d8da930e126492e835d82d055d15ba9e046540b7a94b3005b4828e3a1eb5e94f7961224040b0a0ea30076c1016479756d057048268b91a40dc9a1acacae0a3a3a434a98267010ad36315ab07f620291d6e841827da356b015dc25cd0bd42f539979cdc4624c6457ddc622da60329c50096224ee49014192c47949c8cca30880245266011976959043304e4a0b64573285576de41500e898f416012505a3b18e20dae1a8fa174e9686d5693c53605428a8ce51e5cc511569bd977a7161cad6a956a58b5203c58d85565e4ababbf8f6ca55618ad651e931615f8375911c0ac75a9c0277796da44481c29509ed283424ead1cccfcadaea8bb5358977e868945da116258ea6810110d4ba10c31c8d06c9012810010539ababaa18f261f020cb6babcb92a9aad5aa92c26ed189a1771386d82b415cbb22e93faf485d945cafba7c88d21fef550e20c6135bb1346ae838b6182ca141591d6569b872483b44925449b7a59132ccd1122a68a1d6d4e08ba624f060dfa493a26826d6d4b04be757d65f4e4cdf773910442b6c5533ef886854eb2bae87bd1720b42b61a5320aea901456a8a962bab8d32809cfab41c311d1c05235d3aea8924c8899615fb57b5412cc810e70032007560722b8a802bc3c5983116ee4ee5741eeead23af5aa6954990449eb992006404094092140cb9455c85b62b0bba2edc23e811bec2ead288054be024844e30995b3c3d2133166aa571074921725978c31d4af4243ca7d88786070b431742b458da13b9f7f54a20a7774e7a5e9f45dbba5e1c2800188a87c554cda42a34ca856a4668a662029a202da7bf470f5e5abb1e905b3a59cb330114d97142d47a3ea6d5d32f7210a343c48a3223640d1cfd2cae89da0536701f788b0240eb1b076fd5afdefb022e545d440ab71c72e6f02c6a072d7be7cb5caf9140e318db3a4b098165923c6290a14b709113b21aa05526242c00d0990ad604132965657969009a5cb05ae6ef07118b0c059185f6868fdd51b9a46da30fa359cbeb4821361a2042c182d698ea7bc6d5a98168c548e6024dce0d2289a7152eac1e5a8eb9591d1442c34464fdd786ad0b8154adc2133d0e1f062ab1b2a154123a14e74abf80de18019a08da1284550c43f2048d275a71d4297d03d5c8864be1a999a2f62102db5cbd31002883f691e699a35a5661ce255899ed8aafbc2d445b219a1d87d55ec017bcc321c1c8c94de3901085b96d7769990fa851266ca204a77a134ea4f1842c799c93ac9d05b80d8a8c6d9da2be859294c5395b22b626f685de865684568422862783888326ab04fcf5696ff5e7e31f3f0c1f8ecd4e2a385a74bcf9eaf2c038b272f9e4ddf9f1f9f9e5c78b0f0f0ef874f9e3f790e7260d13899e2c2daf2ea062bd40c12a1a40ba465a2b5234f128aa14b92169ed87f25548cba1ca51e0e0515cbb4e63bc48aa3935010c750d9068eb3369fd2e9515104b5468ca05f196deea2300b88a5c1adce6144e7352d6ba2694aa955126e80d849f613bd820718995e30585dff62936e5a0520f4898f66b456b57ca551765ad5aee7f01a0423f6492e4c4d25908fc0736965657975d90d905c272b645a0602ad701142ab4d42190a5aa10fe6c88ab5e4c45878a217530bbefad0133b02a7ee63ded6ca36101d3142c4851ad5ac0eaa95892ec165e1572f97d7d7fe7afeecfee3070b8f16e61e2e0c4e8e36dc69cb351a2213625333e34bccf96687d1e1b217988aa393e2ae455c8b4f8a4ecb4cc82dccb09499aaeb2bef76b60f8f0f2e3c5c585a5b815f4067d01c2e9cd70eeb2476887d50d6ee2d40488893d5a6fdbc197809329eb82e195551a18c39baad1909a5020501b2388660e6f54b4eb824a054344801051077a94ff174742c3c2a99ba16a838c6e3aa7ea9993a65eb0290289d3a5523cf1ebe7c353ab368b4631626d5a10ab7a113a855a56c804642ce57555090160844d35a1b2ccfc9bf2afc1a843e5f5e7df66209a32605b456ded6ac93f4b612c1111ac560f1fe605b1a10c44b7b92a7cdb698af332465a803a50699f5bca5470062a442c85ebf7ebebaf2e0c9c3e9f9e9a1b1a1db5d1d2d1d2db52df5455663524672725a7c4a4662c4ad88c3a78e7ef5fd57bb3edcb56b4fe8a7fb3ef86cff47fbbef878f7a7bbb77fb02d7447d0b61d41db7704eedebdedb3fd9f7efff3b7878f1db874e54c664e625d63c5c878ff93a78ff89c15d08bdbe20c1f3cadc1330a401a3a98fcbb01e2fab5ba229a04b99170514848a6e46863c2811580d42c95bba484aa83095061324655624da2f3ce68eb034ebb8013555a13a51a590d621302905be4ce170571cb11a606d0a5d763338b26cec2702f2a4bf3b6076c4cced7c25e59a9d4942d88a8a763d28012b1a242956cc579895271534927542fa573dac5880d6085ee01d2c688e226494693ef142053b1229c09285a58ca51965d7101f40b50cf1a27e4e24a78d3c3a96dac3d5d7e3ef360a1b6b5393933f946d4d5b3174efdf6e7af3ffcf2ed373f7ef9f1671feed815b2637bc8b66d8181217e0141de8141be414cf80604f80606fbfa07fbf8047a7137c8d73fc8d737d0c7d7cfdbdf1f8702fc83fd82427cf77c18f2ddf7fb2e5c386c34e50c8df63e7efaf8d9f28b6540c2ab7bb5bcb1fe627515e206883d675725b8d6e6f9c20dd111530a55112c9975ca3b4ceaee95d1962112c160cae2b2900111674233e34684affe28a5a85df756942e86675d5e22901c5a2ac9679a6d49be285d94c2bb02f3186807002d98ca94059208403c280152fd53e768a701055c805c034d8502054795d6d5554170227b206771ab5d95fb0652f7849ccb7c7516068b3e4e3b4513ba3036cd1379ae088755dda944538db8181e999353d4428e581dc2c4f21bcb1b6b7f2d3f1f9d9b2eab2a8f4e88fef58f5fb7ef0a0d09f50b0cf20b08f4f1f3f7f6f5f5f2f3f3f40bf0f6f5f341dac7dfcbd71f39d822c70ba0f805f8f805faf8f87bfbf8797bfb7a7a41fc3c90f0f1f6f0f1f5440d81413e81813efe01de01015e9f7ebaebdc8523052599d50d15ed775bc726869e3c7b02efb684f9e01a185a514192eaad2022f692a1122f47d0c1211e55d72e97acc6410644bbafc825064a944d4a30b6d4a03675a71e91c3c1540514166f6d04b5cc32cca1829409a0eed4593a4f2aadf48e62184f100f5dd0854dcf9598cb380ba33a593b9b141da33481951ed382101a6a54ad4cbc5c27b3a2604deb0a70d2c3aeb03792a98cad9c0b511da227672fd5b91c08e9a2aa4da521d28a1a2f8a764722cd0b78498304d1a30782a200d203582a00c5a0b347cf1e0f4d8f98caed97c2afedfffacbd0d0a0a0201f92e1efe913e0e9ebebede3eb4d20bc3dbcbc3c3d3d3d3cbdb67af87822ededb915195e3e5e24c6c7c3d3073bc8f5f04001afad9ede5b4490f0f0f2f6247ffe9e400dfc01a3a0ed7ebb3fd9f1e5377b7ffee5abf3e70ee5e5a7dcb953bff860f6c5ea8b672b2f5eac2c63a287c00bb37d1512b92f41c0a25f63cebaf62747f51b46b89191e140e9169de34f1a28324b27194caba11650286e5dabb42e404a0b0a59a7324ea20851106e6ff112eabe1587801b1e3d199fbd6f73ca42e23b75f164fd4c0a6b941e282b8a5d1ec50528ace4a8ca54b1ad4a2b617bbc8d68f1141c528f5c2d0a702c982908ea950b85722e1141a6745a09734012b6728f72cb04e7d26275943e50e0f5ab274b2ffac7462aeaab92b3924f5d38b9ef8b4f83b7c1e0f8fac26c50bcbcfd98f0f6f6f2f2f1f4f1410200811e4f0f6f6eb77a6cf5f4dc8aed5624bdb76cf1daba79cb96cd5bb66ef1dcbcd503ff32b965ebd6cd1e5b367b6ed90a9ebc00968707cfa265f2f6a3650af0f382410a0ef2d9b33be4a71ff7c7c787dded6c78baf4f78bb5d5a74b2f9eafbc585a5bd670d7a36c46dcb884356ddd1c430751e8f0c229a2173106da9052389e4a4dba8de1448c9135c9d04c8e1cd5312222fa512d5c91885b1576ab4354a3a9497890ce0840eb2ff928c30517a626f0ef22a969143a565540a91a9eaa164192692926b5c3cdaf6fbcc095f3204a92746542dc2fe9315ff1a157a5f2b54a58a7768a6e8d647a25e977f0e705ac4bd04017b0212bbf6bb0372c09861e3f7dd2373a5868359eb870e68b6f3effe0c31d4121fe0a11f826fa201f4203d3429323a0787b6d85bd4102f4503c01ca164f5f0f0fdfad9bbd3c377b7a6cf6d8bc79f3a6cd40680bb69b366d791f69d9573081aa2d006bd396cd2801b63cbcb70220c0ca86bcb7407cfc3cb6edf43b7af447abb5606472f0f1b32708c8688d5697b5192201e292121274670892f4c048ac2f85b79ce6b265c464e4d5008ae2549a6460f0698d944e35c7a21326c5542676f51ad42125d865cdf415a2234d0b74aff2d891f11bbaf16a6472b6c8ec4010fd36c8a26d80488d4ac1d22a55ce2a9023c12c1a90b4ba060a76e14d9671df88d960195a29ecf0b259b378343997b561a6a0c092ca55ff503fce12928418690b8758b9f498018d981f6148f92c0416ab2bcf579617fefaeb6e5fafd569494c893b76ea284d4ea83fa0090808080a0ef00342fe300c50273c11fd946c2501563cb660eb8184b827080c8fa72f7c196c8fc766afad4004ac001d6c3633bd49b6c00714bd0faab66cddb4055479802d94787ff3d64d1e1e5b3c3c36b31e2f0f6f1f6f1ff0eabdc5d7dfe3f3cf7645459cbfd351ffe4af872b08f619a26d2cafadc3fc705d7b65050c8911224348f04f0124d6570549143532a2788cd25bad93156d3e250cb9a7eed4ac82466c0f475ecea546dc09a6c99faa4d54ac6b990089ed87c94462f5e5cb610064620c0480946110865445d8157d4b33ba16e5d5601e455ad7b4bb1951b924b44c4503a363ad5aa9508900046143ebafc543a17f0a29966443d28424c4744b0c845ded81008c0d8209dcc44f975f8ccecf1797951dbf70f6f32f3fddb12304b188b7cf563f7fafc040ffd06ddb028210fd029dad627810b20097cd54b017cd0cbd0f5dd566641223afcdc88705daa2b92af159b0401040b375f3260108a7c3826df5f0d8b4f5bd2d1ec2d3d6f7910049486c0258fc132385ca61d43cb7c20a3284f2787fe7f68053270e188a333b7b6e8f4c8dce2cce3f79fef4f9aa04469455655395b8e32189fc7817e900c9dd253376194f61429fa6c816694636b2158090967739240ca26695cf5247599bdcb1e23d946645596a858fb0b2000022d6046863786ace60720a40c290f265da69d21b024e212e742e5205f9605a9554ac488e0e9096a91d95f2ee1c7df542b5c20ad56c5f4485553c24144aa382ac08d39cb6684f0360fcff5ec2f4e6e9f8fd3983cbf9ebd14341a141de70163e98402146e61c4ae6597eb428f04214d80384bd9b3d24940128f0355bc10ac31d52e5e9b505246d0510c08510bc4f8b434302ebf2fefb705bf05f9bdf7f7fd3fb887f60ccb67a0199f737d1fc6c0249b046388b39b45570669b3dc01f3d203c9cb8365a235a41ccfe3efb7cf7c93307af4586c5a7c739ab6d63d3a3cf969e3f5b7efe625939b5b70f65358054420708090e1700e2b8a95b14c3c40124190a17896f64fd5090e22e27ed282fc029fbc462ea74deb1a8840598d0c69fae4c5316e981d524407c0c40808c7061529788dcfd2262c7a85dd955752950c430b81b8348beae6f8822466b52ced2b190aa984fdae81009879491009c86476348d5236d51dcb647821ed876d8f9172b4bcf57961e2f3d6bb8d77122ece2ce3d3bfd31d9f6a7b79028672b26440181f05ba003ee6933fc11dd13ed01acc2fb5bbd367bf9c28c40f1ef6fa2b1d9b415e2b97913dd10bc12221fe6d0b4f0e8fbe4061605b2e9fdf73671177e0ad60809a6b1ddf2eff737bf07b62028049250274d9de75646518c99c0d96690076be41fe01710e413bccd77fbee908f3fffe0f0f15fb2f3533a3adb1616e75e2c2fc963100989f82e00df0d91abd661d29c38c7478d15ee3dc64cb27001d32e4c286274b58a7540267671ab43cbef285d32f55b1a150a0354285b01b7c49487a008e9030102a870082353b3258881588576b2bb22d137742f30b22ee9b4a64e22a25d809e239912eef0aa74b6245f6a16c8a46656c830509890f2ff57782e6f320e9616fad08c6b6693f4707c971140fcb5b2746f7830212bedb36fbef40ff0955915e7d99e985b797b627aeee7eb23b73e4d8b97bf97870fec0f264f9b60633480bc410f4d088d0721109eb6a000831fa81eceebfd2d208258bcbff97d5814887000bc18350b2b848931108d939ba1f790c3e009090f14a071628044b060fc3c7cfdbc024303b6ed0efde4f33dfbbfdefbf5f7fb2f5e3e59535b36ff60feefe74f9f2dbd907888b70a5f1610b5516803b87e213715ef708c0fcaa83774c9869b1e088911af02717b1822263e47cdc2642151e20da51d2d8dca65fcc5fc2b550ab534ff9c23b21b08a24b2d040875913bad3154a1b61a040a14cd66902495230031ad9cb1e89e4d6aed69e559f22d4c8211b9413126e41405a8bb6665cca4afaa090e19054100461043b98cd9efc6cad2c64a7b7fefb9f0ebbb3fd91d10e4e7e3476838b1921935b63e9e103a902d9e9be0ad70d013d600a10fad023002586a3ea5fc8eb827898e0107431f38290fc43ab425d4bcf826ceda5837666d8891c1c2265a9dcdefc14aa1bcccd188ce26383a80077400e526b8363044165544850e208df81a31997f88dfae8f76eefe74f7b60f423ffc74d7a52bc7eb5baaa716669e3cff9bf3fc95254445ca0ec99dc32d06410687e389615941d824f4c8388bd6142bcade4095b440840909a52caa5b1dd5e7ff9ac6a13256022bc5053ff954014065b554376e63b408f78aee08c7b0400a20b13ac488a27542533f19d71242a84a50dfb206433e8415654b908f2d8b29112cde35330a20394bc78e5b7e524411c9a645089306901236a7004270b0fc72edf640efe9ab61a13b42d492b197af97a7cf5659cbe1ca8da7ef16ecaae887ee896a1317c61cce9ef0a79b0a4ea3e88968485098eb3b60c8db17d37ec44c9bb7d220812498934da8436668748b38e5fdcdff7e7fd3bfdfdbf41ea081a5d90c56e8da401bec124cd1ffc0201132d40f2861f61032811ed489f81db61211bdefd69010bf6d3b4376eed9f1c9e71f1d3cf47d912163707ce0d1f3bf100f3d4748a43324d37b4ea0c502714cb0bb04cbb3bcc4199b1a5b4d7d6e911c65173859517c5059087a68a234410e4c0d465b9900eec8e0ab0a353b871c581e58451a46b4bebe0e808ae9c274bb076c459d5a57901650a42ed6824c51392a927cd51844edca59dae9aabc0245ca480215d27fe9274a132cafa0719fa8d5a373a3a6219075f5bee92a9cd7c0f4d4e5a8e8a06da13ede1e7e01de989f930c04c58c91b7c03779aa1c4e8e2422e676d3664f1818b002b38178861e474dce612168366457307a1f33b8906d41de7ede743d2212242198c23fb037305170632c2c148215d821c446efe9e1118475be47c248154f97093fc326b146e81e0235608aad8f9f47f0b6800f3edab1efab8f4f9d3b546ccced1becfefbd95f9828c097c992231892a7fa5a3cb40107f76209d3d06531485c3dc1d089bedddc888dd1e650ff471868bb0d8f9ab7533b1b7c1d05b052c5d43bee6b5113f4c2f1a7f382a9c316dad18368bb3e0bd3ab530de80e88672a3228cc91052505902c51280b44ad4b799eee3e1782b338637f2747a34a2c90b4a58e8affd22c1012d8a570b0b4a75a1ca9971b2fd6d7ee0cf44726c47fbaf73384cb7ebe5c1bf4f285e7e27a20e6eaf0565b09137d8c442bb8e9e17d6075b8075ca069a896eaa4dfc1741d6c698e4c45337ede5b317df3f3f3dd4a5c38ffa26f824d41612fcce0113631ace1f4cd03598c7e107af35c3244a7b569cb7bef6fddf41ef1faf7fbefc385d1048a6794a89cbd2243de1e3099b06770679be1ce82827df77c18fac9be0fbef9feb3a8d82badb7eb6617671e3f7bf27c597c19422279550d24bd78f1e2f9f3672b2bcbd4823ea41c3a51a26813f4f02d0ef150f24cc9ad442906ab81843aca92e285508683acddb19cf7299541b3b8f3a90581157c29c24626e74a4ae9c250178185a8d2dcc599bad62547440e112015d56a2e4cca281adeba394d548ef48fe78afb957aa42aad4e0aeb5165e42cad5ac1744dae8737c4faeb97638b0f2ec5c6edf9f4c3e020ff007f5f5f1f3eb5f2842ff0f1a0534070e3214b3574430080cb395cd0a36f8216e9c29090f016dc5091624ee0a1189dc0a2e094101f2f1fc438caaf89d6992661342d2ac1f886c081065685d91c30959019e730dc7e7f0bc0790ff4084fef7361c90bd37a39858b492c8c68cdd3533d5ce3f2b75f80d7f65d41a13b8302427d3efa74e7854b479d15a5d30b13b040303698372c63ee49749e63439ca80219197de88406a2204685630e44e85b44a1fc63196a8473b69525713ef2f6194f413ecf852c2f2fbf78fe144d88b1a005919b59b89107474820901f9d9a37599c7461aae1b7cd4827d61897b835ad446141def998466aa4fb147a04380a79172bc50ba30020ed0a5525ba880bd3f295ed6101d620f9ac817f6c850dbd7ef5f0f9734345e5beefbef30bf0e5a4dd0f36882b846a05994ae2fd2dac1020c044802470a682e9e33cb924032f26332fc6257cbc45b6d4848ba7c33020d281e22542a2cb03018089b3b14dffa68807c47129c302c4d193e68dc18f20220649ec1158411f10357989b5e351cef52493b1141802b0b0403efe5e41db0282420383b7076cdb11b877ef8e53670e981d85537363cbeb2bcf975efcf5f7df4f9ffe0d98e844041d180c0e8ee848373ca247592ac43062abd6096126a86819613a23c654cb6acecf0372ba38048cffc6d3bf9e3e9c9f7bfaf811ee5e54c269e0f28b35c0c35930dd28940ecbc70f16da5c9a0b13b3269d1018490320d001d25010a5d2d730a1eb950021876da3121d20dc1d7cf74f9da503245848e2bf7779a992964ade02844ad4ac15792f575fbdbc373276f6e6cd9d7b3e0808c0b4cb07d321cccf21b87d653d50a90d56641376a9515a17980d2085c0454213b822281cfaa75d81f1107b80ff4889cc9a70880bcd8c95dea3f95021cebf614c08d4fb0088d32e8999dce10f8fbdef8160072110d7901821d1514953f08062deb8a0a847e83231e473381440593ef0f7e3a37e6f5f2fdf001fc4433b3e08ddb52b68f747db7efafdeb8cacd8a1e1cebffe7af4f7b3bff92d336a4cf85e8e0e1074f07f01129d0a40e2a13857675a1e39c8295014cbb324075cf24517306c7f3f7eba383bfff7e307f434af5e7399e0c5b3d5b51505100415a00f00c86829ff97d2a53420b33eaa50b78ab0010a26313caa245771d4ae1837112da13a8d7ef0952e900a028923bbc54cad3085154a6d6ec8488c9454ad7057cca6bc0bb6feea9f577f2d2f996a6abff9e5a780407f6f1f6f6f5f1f1fccbcbce99294a541700a80b66e794f4d76347a1893c0a730c895853e5a05980a6581641e4e0210ff6a168326840b80d0fe7b240851f0ffbcf7debffffdeff708d17b9c760123c92737ef210b8791bff9dfca67296cb82a20660aa8116b7abd4df0997cf841db23b3304eed1015bde7e5bd053332159863f2c8f78a42fc03698d0202827c3edc1374f3ea89decea6e5d517085db938a49ee13322a1a6608e1443a23b8984d4482abbc02de393575c7a16c228c293e6e9e4448109e551e7f3674bcffe7eb6b4f4826103917ab9ac963495d96354b186e87d646ade6876fd8bea177ac4f0282d2aaf44ed0a2b6c40edd22a88f96282208be84cf02c4930d4da58e3e31bd4a69f4ed325564d9511616d3c576f0ec2fef02cf495719c54b5feea3fafe7fffe2b2e2f6fdbae1deabd0b5f1fefc0005f6f1f443d0c91956581001a8623e0891642fea06699640b1c844ce811b620b43a00088e09a7330c8265f2f044519c29006d5600fd1bff20e7bdf7ffe7dfeffd0fb8e10eb78a9f7f6f225bb44cc4066df27fb155d855add3b421787f4fb957183f3147049dcb9b0cc969a8f8b8d7dbd3dbcfcb3fc42f383430c8dfcf63cbfb21419e11d74e8c8d74aebd5cc5c06262af2d0849c04b3b04352843225a500a158c94117273a3ec93bad575d160e2ad4e356dc067a95807d4ac8aae55304a5ea914f98325440c6471c002e975292a91a022e5b929d051a2bac27c591a566a96b4da557348292396469141387896ba2a9583046b635a4ed4ce9253888e56154b4a77d96f38dd57fff967eae1a3b0b844ff90602e07325ee683740fd81ea1073440f12ac8250ad0159d0d8d0ecd80442a121e715e8608971331d0c2188501af580e4ec1189d483d38f3dff45c1449101a010824fdfbdf304214eca21833111b111c6d311a259900972a5c7a4f26f9c863d7186b713228be95f113d1c1ccd17b8b4ce9e1c93cb1eb1fe41d1ce21b10e0e31f801869cbf6509f9484cb0b0ba3ebafd57b736208c4a168a688e3a6a9d2ad5391774c8e8022773b1d8b868e3aaa6b503b2a5600a2b40665295d30417019434dcc2c94c9b7736855a0317482fd60ed8a0311ad1f52f5dbe858f543ec0a152f276afc4993d209779f54828770a9822045d0c151fca9ca51919cce247a2ca38369fcdac63f6fba47c7ff387bdec7df97f7adacfa30f285cac58460e62c9aa07b529a83ce7088da5221ed164ea78117ad02bd184b6ad871bead4c05d87a0fae50714074606f8412a200a1bd81a911b698e33ec43a090ad87a4f9d2235d00be2ffff91fe7095885d95c2ffdef2de7bec3c77b91ce0e5b9197192d7661f7f0f4e0b3c3df8ea92bfa797bf47d036dfa0503f2f9f2d9f7eb2ad203f717a6e4c2d0b51941d92fbf02d018a18d19adcfcf27083eb7cb218ad5e9ea14644ef5abee6bf544294a2ee67a52328406308cda15d0177637c7ace6eaff897bc6a24ed51e57c6f957589caa5791d1db2c25a548e46924e83580ead5bcca79b134fc7eb513992d6ba253dd33853a7b37572a497471977775ffef37af1c5f34ca3f9c3bd9ffa7863eabbc54bd60c251c051c9cd750f140002ae16c1cf606f488c3a253e3ea0b731809696e85071021d16109558040f44b14842dc2a0cc0c81c121da15181b6578606ca87b065512568ba1927c9d27da21c08403448a6e0ef5fcfb7f581bad1d6b0485c8e289b48e9c33f235012fc649b4b07c6ec2b703f860d8cfcbcfdf2b20c4e7f32f3fccc9899bbf3f8951d2005293798e3f4795c328ce84ac70781525f269196a479c97acd7c8ec56469de683a2694adddeead900a7479a9a184be8060f7f98e38f4ecd999d157c94c19369c4f8768960447da33a8abe4b910624945104685e861028da0401e9a8e46828a8da28828b12e64b4905d6db34eb11de11e7afd084be5c7bf3babeabf3a7a3477cfd7db8de83493b2306382fb1301e8c88695428a081b10e48623e6c09e8d1d66ce4390331a2e269ae18c07257e8a0a5003f848ba6044ac63f744ac4425c13127c6a0179ffdf9bc10db0530cf1007121373c49aa6248f46f183fd4ef0ec2d53f80863e974b99a00ca78ba0d77ccecafec3c4c2bc224c826b93786e9397b74760b0efb65d8101a15ee7cf1e1818b80dbd32b0e52299acf8f1c6c600d2de880592db9e22b1f3db48996c111a8eb9a623a858299a9aa2f1d788e17d4e755035cca4ae69780810d85d591b999a33d9f9d166424af3c55a54abaa2b4aa8515d589de898997a00a4d44faf2709694fc865423a21a2754bd12385594035214da37eed2c88323fd8befadffff44c4e9d0b0f0fde11ecc5857f4fae35cbf348422001046317fa2386c6340c229cb41323c18501b28422b02c3cc4079c300332c927702046a226ea1f1c704bcf483b8434aa269ab437122a810cfac1f70819f8135e6878140ae2e2686f40af37e6590048fc1ab3defb1f31545ce3e4a227baa29c1a1dab185186476232693539bb449cb405006df50ff5ddf141f0471f859c38fe536363d98b9567303fca9ba8488540885e8412ba14a5593e99d701921c888aacdd3ce9e64aec02b546b08897d21dd3420f6645d40b636886f123d3f31a40a85ace61518228bb5a4b9ad55147a969a4153704482700bb6acb32bc0cb2c2de0008b91b1437aa43ea1405907ac2c7fb00821c7e811abb2e911a66ef6f4617166e2427eff878b77fa0b76f002c10ec0f6f4d6d3eccc7539cfdbeaffc91c4377461924636142f0f3b6995386117d7c3875f30219c9c1120f8c1ad5b24f2c1519681c542cd5cc2d65a518a4413848c9192d4208e0d34c104d1ec309896c761ac411c1328c4cefb80469bb8a19860ca352209fd051d00ca0e8321d4ef21a61197c0c85aa608e0c9db77ab7f30626aff8ff684fcf2f3fed292cc078f67573600101f6e48182a4648465e869700f15532ba17f52207fd8c8a84b48fb1734b2d33935aa6a2e55c2d214a51da04407cf22fab33b03d7c2006764726678d26fbbf7032444ea0fa69dc248dad38349a25d6aeaa93e09a0049d5d036631db12ed2b0d6244573b7f22daaa8810cb115a94415933b467041e5d2079e05418f512dae70eae183e88c8c0ff67e1410ec1b18e20f803cbdbd3cf8904259208eae32f57455bc9fe94478478b4aa809a4a144b9cb052079784e43c2109607c91357f3e06d147c502c5a9017a5b9fae7494649185d1e74cc25692434d4604ee47f50449098430ad9188040f82ccd8b1162484e1b251b315ae82dcda19a0d2a70dfe722962c58d30ea1a5ad9b303bf3f6f5f0f5f3f6f3f7f60ff0d9be23e04ad8d1befed6d50d7e629f5e8c0a8629c21d0d85880d102f86217503444726006901b56472b4a11d01483140254a74aba5a9535826e6c8435c4eec5797197aadacad8f8ccd184bad0448d4491dabd3281243c118a8f9912a402bc9231206319f1948ac115e394bcc977bdd9900098bb44642097b23384b7302108d198feadda0b544ceeaab8dc5674fd38da51f7eb1cfc7d73338242020d8cfc75fe6277ca582d0c078802108ac057440b5698aa1224903b5a8b64c307cd6826816e7230d581d72c66563f0011bc39775f43ab9a4443237c19211516cb7bcc797847088ad11449818d42d8133b810a008307d1ebd12a3252203ff0586fe47d927410d260a41341781301ba0f563df302b607ff8388ffcf12a8094e7a6ad9e5b3dbcf84237a046ecbff793605369caf3e78f56e8e8d5e737b05d95955b194cf0214131123249e22e73408fda95431a375a8ee8484d7dde0148ed0a3d0210df3f5a81d5e377244ecc9a68815ebfa24992af40d09ac19912c6121a6a5ab8815e51c2cd01a9449310858840a3b6efe6e8fe0ba7ca21d6c6d3018aecb2feb778111d9837d4f06c7dcddad8f4edc1037e413efe01be8141fef2d618e660989fd0a3c0364097d0359711c56c40852a92656cbb851e4a392cc24297c120866e433d2f8386c54401237aab2d904d9e1eeffb60d6e3b9d50bd369cfcdfe5e9b83bc37077b6f8584786fdde6bb75879f47a8bf6780b7879fe7166f2fd827796c226b4be2e3e8de88afa2568c0abb817fe8d21833b13fd8b293d8e58b66f05312ae81ce4d10615adc1b2bd105f928c9db06ed6df2f7db1471edf8cc543f6c3ff5aaa2130e2906108e5f568611f72832c40fb8852a95db15f9f47102902842b4a02a1175400b4a5fa859d60bb8128d006809f133677f1ba39373e2c25ebf5e5e595a5e7ecee723b254a008e056fc22d324c0ad6f8ad8495512423ed8511508eb18490dc287e4b0dfdc15a7a65e01901e2b86c4aa710b411fc61f3d3c131e15b43d34c0df6bdb8ea0e06d817e7c69d54b3e5641afa25e35c65833cc0121987cd119d11f71ee23d32b950fc0f826069d148d0dd2f282d816efad5bbc3d3d7cbcb69015cf4d015e5b837c3cb6f9797c10e8fdc9369fcfb7fb7ebb2be8e70f837ffd28e8576c3f0cf9fde36dbf7e1cfafdee90fddb033edfeeb76fbbdf8e206f3fbec5469a7dbc3cbcbcd88a583fcd69021f82448fc6fe30852ec9fa8338456ee83ac579e1aa480e2de5267e348dd110637bf171f46b7c270e97edb1d9d777cbf1c3dfb5b6b896575f2016e1b448a2527db4d5bd2ae8888d5118d13a60cc1170339b9682f36e75487481ade84ee98b85a81a996873d192768eef7b00205a1c0034356fb6b8fe8572248eadca39a84831444ad815b2ac914123c4667894b59300a19558b0d3aa61ad79a9f6ad309f97a7e0c35632992f81143ac93b89a1cfd2cb35575bfbe73ffce4e3e7131a12b0635748c80e98205f5f3f2f1f3f0f1f1f7e08598695b7a63c97101de1266658cd11a7bf11b32406464b78f1151c9896ad3021c1be1e3bfc3d7707f9ec09f1f930c8fbd360ef2fb6f97df741d0af1f851cddb7e3cc571f5cfceec32b3f7e72fda74fc37fd91bf3fb6731bf7f1efedbe7577ff9f4ca4ffbc27ed87bf1bb4f4e7ef5d1379fec0c0ef2e54707f94c972fb0c134b2318532c006118869d007793b96b32ed0e3b9c5cb5bfaa9f12d0e165e95ce92f4d0878a91e4a5d1c2a1125a2754cf05464c45bdb67eb427383323e2d1a3595a052a18daa5f7e71f9545f509161a3a5c21a46f91908437b04247cdce348dabb498310d41a89b4f4ba472d111db125ef930756c7ace6a2bff1715299aa67dd3de9c7ddbbc4a8bd6751490cf5d65eb34519e52899ca5d5299e4eaf41e5685d448eaa47c0528724fdea3fffdc7ffa243a3373c79e3d7e7edea1a18121db028342020203fc7d7cbd3de5dd31e8409eae9315aa076645264d2a8650661ff9ea05780c3e8ec2eff97b6dd9e1ebf14988cf973bfcbffd20f0974f820feedd71f0d3ed87f7ed38f1f98e335fec0afbeea3f09ff7c61cdc9ff0e7574947becc3cfe4dcec9ef734eff907beee7acd33f251efd36f5c47799677e4a3bf54bfcd11f2efcf2e5fe8f77f90778fbf86cf5f1e127bfa060a81e8dc2037af3cd24154bc172f08d1f2f08dfd1de4217c94fd483065a2cf9e33d8099012e87e4e01c352953e61357848b65855b7d7d3df7ec09ddf3d18e6d3b024e9efcadb3b371150a559356891dd5302a02841b715bc28a1289a075c3a373f30e406e8dd39f9018be8548db430b24ee92111049e2479bcd36be0f84d39422953ba4a895038d153183dca5fa91a041d254aea89732aa61850e76514c9dce5d782f9556664cb525e5c1b52a2f9cf123032fff79d33f337df8e2c5c090e080409f906d41a02720d0cfd7dfc7d3c793ef3e7be166c4b06270a930dead028ac4224830f2e5dd0b2d204681c1f7d81ae8bd65a79fc7fe50ef5f77071efb6cc7d9af6160f65cffe993c85f3f8bfd8dd625f2d77d71073e4b3ffa4dcea91f0acffd527cf1f7e20b3f9b2efe5276f580f3c661cbf5c305170ee69dfbade4d20143d8c1824b07134ffefafbd79f0607fbfbfb7b8504fa0630badf82986c879fe79e105f7e40cd8b2f6f0831fc640fa087d9c00c12b780bf9fa7bfaf672062293f4f1f2f2f04758c9a857b582d5e94dc1512d2d10f8aa1a2e9029b21413e3ffff2d9f1d3078e9ffef356fccddbb71b9ebdf85b9667942875503b9a10051d170185b3307d3a2699627e44efd40b75449113a92cb140b46ba44713fa0a04d16353f3563b5fe750edb10a2d8d0085958a7da3b23561d55246b5a1358376c88aeceaf5c851e990beab9f2ea29fab7d039072ba8489ef37adbcdaa8bbd7f9ed8103fe8101414101c1c181fe81be98c1faf8f11b117c7d7de0bf480e26639c8ff10f830e7f40746881945fc0702328de14e4ebb1dbdf07eee9f73d8167f66fbffec39e98df3e4bfcf3cbf4635fe59dfcbee8cc8f8673bfe49df939fff4cfa60bbfd9affce9bc76b832e27855d4c9eac89355e1c76a238fd5449fb0df3c66b972d875e378d9f523a6b03f33cffd7ef2a72f3edc151218e4b32dd8777b901f3a15e0bdf5b36d3e3f7f14fce5ee906dc13e013e5b02bcbd7cf960748b8fd7663fdf2dfebe1e81984e067885047807f879f8f97820874beb08763011f3c2748bf33d5e80c44f4ac4bb4960c7a5479ce5b9fff39de72e1d49488b2dafb4cfcc4d3c7dfef7ca9a3c9c17b7025dab5813e329c3cec8444c11ad11895193763142b250a4e851bad3d524e8a87883bb7c5aa2a1c3d7d2d7a02860f9666266d16c710220d408d5411855e9151120d12ec59d29ead7ec8a6ac99d4ff05931b66eec74d4a492ff129e2881b3aa992772f7f57ffe79b6b65a5a55bdf7ebaf0303034242438282027dfdf958110190bf7c6e901379fc8123f1657c7d9016893103411280908500799bb7c7e7213ebf7f1472f68bdd377ffc24fee0e71947bf2938fda3f1e2eff62b07cbaf1faabc71a4f2c631d78da35511c71b6f9d6b8ebfd09a70b13d25ac3df5ea9db4eb6dc961cd7117ea62ce56c79eadbd75ae3ef67c75e469fb8d93378ffef0f5de5d1f7e10fad1ee6d3bb7b383a1fe5edfee0a38bc7fc7f71f857c10e4bb33c01bd15588bf4f80afd78e10efdda13e7b427d3fdee6b777bbffa73bfc7705fb84fa7a047979f87b6ef5e1e73c3011e3d2348d8f1852d81ccee4d49c919112571d60dfe0077dbc3df67fb62b36ee8aa3d27ab7e7eee3a78f9e2f3fe7db1dfc4e2db14032b0f843d44b0e64a8498c7c4a55191b1973982299e153d10210a1515a93b440430f2330c1bc112079fa26be6ce3c9dfcfee75f5151594a86761ac420308bbca7f69bae7af28d03d892d81392440ec963a4ad15bc5294087a79374c97c5b4ceb9f20a895974ca6157904e89ffffdcfc3e7cf13f28b3edcfb496868f08e9da1c121817e98c0f31bc1389fa7d157f184fa040f01c29863f4f11f6d1176918929d587fede3fee0c38f5f9ce9bbf7c9a74e8abac13df179efdd974e940d9b5433591c71ba24e37c69c698e3bdf9670a93df9f2ddf4ab9dd9e15d39115db99190eebca89efcd8aebca8bb19e1eda937dad36fb66746b4a5dda84f08cbb97ce4d0777bf7ef09fdf2e39d9f7eb463fbb6a08f7704fff2c9f6c3fb3ff8f6a3d0dd21be1f87f87cbe23e0a36d813b82fd3ed9e6f7e3de6dbf7db6ebc0673b7fdbb7fdc0a7db0eee0dfde1c390bd21bebb02bc82bcb7fa796a1f31938899cff7706b30942337706aca20318846000557e8e7e771e88f6f9c2ec3c8d4f0d4c2cce3a74f96569796e543f4d0ab8cad304453248f11650205a424ba855e242aa2ae410f27f1dc55f2d663f07c9c2e719530c40048deb797974c57365edee9194c4dcb4c8a8d4e8f8f5300a97ae564ea5e0388b68448bd03906cb52f0d25195abec60a77f5da78ba22462bac7655610a77df1129f0e67fff33f7d75fb7b2f3f67ffbe58e0fb6efdc151a8a18685b504048806f800fc2207eb50ffc8206109f58e3d645b421e12aeee62d3814e2e7f14588cf918f43c3befb30ee8ffd9927bf2b3c0f747eb7851d2cbf71a436e6544bfc85b684cbed49573ad2af77658777e746f7e5c70e14c50d14c7f51be2fb8be399288cef2bb805e92e8cebcabfd5951fdf961d5d70edf4f1eff77db927f40bcaf64f3e08fdf2a3edc7befef8f4b77bbfff74d747a17e5fed0afcedd36d3f7cb26dffee906f77871efe6cc7c5ef3fbafedbe7117f7c79fde097977ffa34ecbb3d17bffdf08f7d3bf67fe0bf33c82b34c03334c0db97ef55f263af5c9f805f1617cdd85ac23b46d69cb8c9175cf96c3978e0abda5adbe3a70ffe7efef7d317cf966461580fa2450b008077a630c137cee4b53e0ebb520d831e594ec4adaed4a18c90d28b288bd0c8ec5d120a2036b1befee6cdeb676b2f0dce9a23478e5ebb70262d2e56c540f48e7a15644827034ad533291aa75c7a963454cef6083e72f4324a7854a5dfa283c22aad2e89a655234f0c2f5cf79bd70f5f3c7736359fbe7af9c37d9f6cdb15ba7d47e8b61da1c1db02fd01909f37c20d7e2b94276f48cc6530a9e1b8331cc2d06fc22c7dbb8fc737db7c4eefdb1efdcbde94239846fd60b8f09bf5ea41d7f5c370587591c79be3cfdf4ebd06d3d2991dd95310d357100b4a068b12860d09c3a5c9c3c6946173cab02965d0903858183f5892d45f9adc6748eacc4f30455e38f6edbefd3b02bed81dfcc547dbf77d10faf3bedd177efde2fc2f5f1cf8e2a35ff6ed3cfac50767befee8f8977b0e7fb1e7d4d71f5ff9615fcc81fd8987bf4a3bf57dcef95f732e1e4c39f14becc12fa30f7c7eedb7cf8f7db5e7cb0f023f08f1de11e01dc8b88e5f0f423f06b72c1f2fa1e951c11cee0c7e8c950b609e5e5b7efce1d37297e1c9df8bcf979ebf5879a1de4e7c57d9fa788a3a24b2847664a8e91998a9222135e3a606959adc0a7d4b0fb971e7480c0435bd58dbe81f19afa9abafa8ac2e2c30288054bcacab1ccd0843aa5ebab07708956e69782974543196945e6ab5a90b7027c4ded0c0aa6b9326d42156c25e2ad958de589f7af820cf66fbeec06fdb3e08d9b93b74d7ee6d21a1810880fce0c5fcfd7c7dbd7d7d3cbcf955628086772d9f5b796cf6f1d812eabde5cb10df937bb747fffc69c6d16f0b4eff66bcf087e3da918af0633511271aa24e35c79dbd9d7cf95ec6cdee9c28703360481834240c95248c1893462da963d68c315be6983d73d49e3162491d36250f5bd2078de93d45c9d5c937af1ffc0e81cef77b027fdebbf3ab3ddb7ffc64fbc59f3fbf7af0db63df7d76e2fb7d3187bf4d3dfe43ccc12fafffb63ffcc03789477fcc3ff7bbe1d2414ee82efe5e1af6a7f1ea91e2cb8773cefe9671faa7d4d33f871ffcf2f0fe5dfb7706ec0cf40ec6d4cc7b8b8ff7267e9a0de1108d100c0f632130047e7ce0e97c686c7dbc371f3df46d43a3e3f1df0f9f2fbda0f9e1ebd1f435d842cdbc0f451712428852a82ea8850cc9a331256e9341ad5189eebbddad0e3e8da04628627e18aa8bb5a39ad6d747f828c3f12fa575cdef680bc43aaaac4b62174ddf42a8bb673c8afe895d614735f254318d0cad240bcb59dab9ea799964aaeeaa2b670e22a1176bcb3de3a3576262f67cf2e1ae5dc17bf620520df0f1f30908f0094448ed87598c972fdfa8475cc9453c2fcc633cb720a4d817e475f4e3d0889ff6a6819eb3bf1a2ffde9b87aa42af2547dccb986e8b3cdb1e7da132fdd4bbbd69d1dd19b1fd35f9c30047b63491f31a78d59d2c6ed19136559138eacf1b29cf1b2ac713b48ca1ab165f797a4b766c4e65d3979f29b8f0f7c1c7278ffce1f3fd9f6eb47db2ffff8d995dfbf3cf7fd27917f7e9377f948c9d563c5970e155cf83de3fcef69a77fcf3b7fc072fd6859f809e7cd93ce1bc79c374fb8224f39234f39224e5a6e1c2bb87c28e1f80f613fef3db27fd717bb0277626ae6e711e8b7d5c787cf686875b80ec949254c91afa74700d79080d6667fdfad470e7d5b5d6379f0f8fe8b95257ea5903c4f95085a8d240523ac214275d06769dca83b9c40e190fb3e178d486024f7bfe8059528bd28803483a461042bb0faf2e5e8d4acd5aa3d8d073d0290aa4bfb525fcd6c08166ebb2234f0d7a6c88dde5db594a9baa27548b18584f49509c94457e4e5151643fd42a720a832513997aa36d69e2cbdb0d7d5fd7ae4f08e0fb6eddc19b22d3410c4f8f979fb07f8219af6c3941ed35f7e3066b3376e5ccc937db6ec09f03cf861d08d1f3e4c3dfa4dfeb9df4a2fff69bd7aa8e2c6d1bae8534d71175be32fb5275cba977ca53bf3466f5e447fd1ad41230c4ceab02d63d4960556c61d59938eec293204807227caf2269c7943d6cc3b7909d6a88bb1877fbcfcfddeb0ef3f3dfdfda7bfed0d3df7cd8751bf7f1575e09bb4933f965e39ec8c3853167eca7ae384e9c6f1e26bc70cd78e5a014df889aaa8d335d167ebe32f342686d5275cae4bb8d490185675eb82f1eaf1ac7307924efe14f9e757c7bfdeb37f67e007813ef06598b5c199c97a242c103f8e0d13ebcdaf0a815982ade50ae44f3f7d5a5159f204f3afa5e788a0e58d0eb10af05fbab2399e8a21f94220ddea689ad2e85100e9ea130dca21666a1a91daa01859869617f8c910f3b89c080b643197692e4cc7f3adbe850cad5eb7683332f64f0878f7907e0a39d0c14255922f319da02d69863b3ae3aaa39210f3c3f58c97ebcb1b6b5da3a3e76eded8fec1ced06d013b76060705f9230ce28aa20f1c19e3210c35a630bea467eb367f8f6f77fa5dfa6677f2912ff3ceff0cdf610efbd375fd6875c4c986d8b32d09976f275fe948bdd6997ebd3b3bbc2f3f72a0f8d6b03179c4923e6acb80cf9a80f971644e96e54c3973279d7993ce7cc8b035bbbb38b93ce15ac6f93f138efe9870e4c7c83fbebdf8fddeeb3fef8bf8e5b3b8035f169f3b581175ae26f652ed2dc8d9aad873e5d1e7cb63ced7c69d6f8cbb507feb6cc3adf3cd8997dbd2afb765dc6c49bdd19a7ea33de36673caf5ea5b17ec91674bae9fc80e3b1c79f8bb039f7db0777be0ee10bfed413e9827f04b6830a5f480354250cde7655cf3023e1e1e01015e572e1feaeb6b43f4f38c00c185a90fdc002019c38d0d795767056959ae119d42899a81a0a291166274a3a074a12b884a51c45029d429b979fb1934b140ea170ba7e6e43753c561e9906a66868d6921d13bfe4b04353253ed72c98aa64ff2e510b61a4ce83a8a11883580cb9e219ff40846d2695625395c6960a799d0647d6c61fe5a7cfcce3d1ff07118e6f3a14141c1bea1a130413ef062fefe5e3e3e1e7ede1efede5b837c3d3e0df53dfaf9ce98039fe79cfda924eca0f5ea61e7f5e35511a7eaa24e37c75fb89d7cf56eda8d7b1937bab26ef4e446f617460f1ae200d0a8256dcc963e6ea7ed213daebc2957c15479c1942b7fbc2c7bc89a75373fd119135674f958dec5c3a9a70fc41cfa21f5c84f59c77ece3cfa83f1fcc1faa80b2d89d75ad3c2ef6446dcceb8d19a7ab525e5faed8c9b77336e74a45dbd931a86eded74e4dcb89d15713b2baa2327ea5e6ed4bdbc988ebce8d6f4c88a5b974bc24f259cfefdc4b77bbfda1dfcc976bf4f76f8ed08c105725ddb935fde280b147c4a23afb1786efd60877f4176f4830793f05c2f96f9c51d5c9be14c5d6997020563e4f1ffccececd470f7cad2b3d7fffb1fb77ed5f7254a30a4140af5691ad40495901556a8004042b73d0ca5e5c1069785c62667ed6697fb1bca34b386b4aa48a141142488d68c938283649021e140fc1181132c2493dfc2c1b35985348c26898bb0a2191bf64ce5902d5e394bca47c9b085119afbeb49424ece87fb3e0d0ef0ddbe2d38645b507088ff764cc7f85e9027d0f1f5d91ae0e719ece7b533c0f387dd81977ff828e5f87745970e5aaf1d75de38511571b22ee64cc3ad73ad89973a52ae2170eeccbad99d7db39700c5002004ce6396d4095b86a267d299ab01e4ca9b28cb86471bb167771625d725873b222f82a1ac330773cf1d32859d283d7fa8fceac9dbf1d7eea544dccb8eed294ae82f49ea2d4ee82bbcd55b1cdf5b14df9b1fdb9b1fd5971fd59b17dd991d712f2ba23337b23b3fb6a720ae47caf495267515c637a585dba2cea65ff8e3f2ef5fffb477e7e73bfcf77f10b82bd417f786a737e7079894f1fd326eb7a8cfcf7fb42bd06c48f9ebe97dc4b0ee00484de395ca95397ff5cf1b8c3f009a1802407fbff9dfff68cae5730cf549671a0541878a509a954886ea63652a862643028dd0c3fa459b6865757d630c2eac142e8c0b03ef0244e321d5b101aa5918520029e3a11862426a447562a2c001cf45be00cb2bd1984349b208b0b417945003eca72428628ae8bff858e715e95979b9f178e54591c3b1efebaffdbcbd8283fc8343fd8382fc02037c1109f9211ef2f684ad0ff0f3d811e8fd6988efa17da191303fe77f33839e9b272b23107c9c564e4401d489991762e79ca8dedce8be829841b8b0d2847163cab8256d120c89119a004665b9488c23a72c07b1518f21b93533c6157319518bedc6c9cab8cbe5d1176ba32f77a6460fe4240d14260f993210680fdbb286108c23a2b2a40c96260f1a12874ae287b8a414d75714d75b10d70b6e0a914ee8871812fbcd293dc6a43b39b195f1578aae9f883ef1cbe1af3efe7a77f0de9dc1db02bd11e1f195153e8be5237ae5cef824d6cb63f776ff92fcf8bffe5e587df98a3fbea13e98c169bce8188a78e77e065e4b4b4b085df407a8fc8e4449e87e46144d158beda716a07d511c27f04ab9b43abcb7410c9f814141b25de1b773cc188d36c4407cbe2fa255ad0092cff7a0461a15bd258d1b490816f4bb6c4f00623101e89df7ed856ba187a23dfc927c022477801b2064022f8c02bfcaeed5cbbf56978aec8e7d5f7ee9ede51910e04b7a8210ff70fee5e3e7e98b84b76780afc7ee20ef6ff6049df9eec3c4e33f18c20e396e9cac8838531d7db6f6d6f9fa5b171a6f71adf96ecab5aeccf0ee5cd013d3931bd3470b746bb82461ac2479dc943a6149274304287b12a1b43d6b023c95e58c5833fb4b533a72e2ea926ed6255d6bcd086fcf8969ce88e8c94b18294e1f29c9183563a6c6887bcc913d6acb1cb5668c700d2969c40880b83a3088843165a034b9bf34b1d790d05b9c48804a12fa4c493d25c9f7f2e29b5323ed319792cefd71faa7cfbeff78fb47db03b607fb62c6e9cb377765919d93770640fcfa732f8f1ddb7c0bb3a3ff7a320fedf0fb5ce563ce8c4ed44dab00d286975fabf04afbc94b4ce0dff0572fd5038d37d0ac5234cc3f4a42234090208a06a920c41c3a43741f10004486c43440ed2b1beb04c84480740ba601a4eb1bd0282c9482f56ea91c8d241d2ce984b44d50a4061d14b15b10656c707fc82da29554dcb8858d024af6f2d5cb072f9ea715167dfad95e7f7fccdb7d617b8282fd488fb77c6bb88fa7af9f67209f7efbfcba77c78ddff6679df9d51476d8093b1171ba2afa0c006a88bbd0147f1953f78e94abdd59913d79313d79d190fea2d8c152ba30a127835ecc0e8008cd14057331c2346acf1a064325a95dc529bda68cded2b42e434a6761e27069fa983973d498366a4e97e95bf6b83d630cc138267496b41153f208182a4d1e31270d5b9387cda9c3e6944173ca802965a02419e6a70f009524223cef2a4ce8c8b95599702dede2a10bbf7ff1d3be5d1f6ff7db15e2bb0da1b41fa663087de8b9f83e2b036abab01da1de4539317fff358f815200c9bb16e2bc78c7523892f427500a299127a6dae377862b0290b2142c293ac259bc6fe9b9442fa23b115a011e8552e8c8144028b681207a647cc6540280b4c6de0aaa70270402b6e116b14c48a89634e38484f24d52806488b0981c956b5387543129c94ab4b49417af8bdb89bd7cf9f2c9f292b5bafac7df7fe5fbacfe7e987905f02b5de46709e0bf38abf7800bfb30d8e7e0de9dd107bfca3d7fc07ce588ebfaf1caf0d35551676b63cf35c65d6c4eb8dc9674f976ca95cecc9b40a7b7308613f892846153f2189c973d73d29133c5d97be694336bca8918287f9a13b19c0967ceb8331733f9893204d4f9636505c3b6dc3e53c680317dd49c4580408f251dce6edc9629db0c6284a8dc9c3a6ae121c0346c4d190652746d6943e6b42163ea40490a02a681d2a4ded2e49e92a4eea284bad4889cb06357fef8fae0577b3edd19b423c80773b1a0205c209784f892101f8ef13d2338b2dddb7d4b0ae29ffebd80f1791720f54607464f0da6e854a6d5a047fb48864aab0401522290a9f157ba762b9db73a128c2bde06408c8710b6a31d4cf386c7664c4556ed61aa0a77209a3592ade89e3ad61be3aeea81a0e3a64444db65791a121164e28f4860a3992b12c33fd551e934cf253a14190e020e4736343b77f6da75043e7e7e7c988aa93bb8c1e4cbcbc7931f54f0f108f2f5dcb7cdffe8feddd187bec9bdf0a7f5daf18a9b276b22cfd5c55cac8fbbd8187fa925f1625bd2a5dba961f732aff7e4450d18e2864c300c29a3b634f8a999f2bc99aac2e9cac2e9f2dc1957de6c79e14c6511a7600008c11079c2a4ac68120cd97246ed3998d8d367d972c6998070bd7182923361cf068e13367a43e48cdbd2c7ac696008308dd8328621e0c9943c8408c9980c83d4674ae9014386c4d6ac1843c4b9c813bf9cf8f1b3af3edafe41886f68a0777080973f7f0d880b5d0c80e4598d97d7962f3fffa0bac2b0b4f237c6875f470780a05109809482211c61b1080a207e2443cccf863cbb80a2618754b04b9d52de6a5025f4fb5cd4a1dc9684d28495b3305a20b8b391895963c9db6f69d5569320ac454f2820a46a6145da103890a9172079482b14540e3ba15801157c6b4e7cf3db7cb768358b48a795f9e16b9aaf5ff64e4d9d08bbe21f889997afaf2f00023efc324d0fefad0809fcbcb76e0bf0faf283e0d3df7e1277fcc7bc4b872cd74f54449da9bb75a13921ac25e96a4bd295d6a4cbed4961f7d2af76e744f415c70e9a1387a15a443965d9d3e5f9733586b9bad2d99a92d92ac31ca564b6ba74baca305d553c53593c5d593c53553453553ced2a9a2a2b9874168c3bf2265df95c63045e2e489e18adbce9722058308d840b53b9dc2967f69423933cc9fa2450438484f81abe6c041859d20050bf31b5b724ada728b92337ce167735fedca1f3bf7ffbd3e77bf684fa877245d17347905f302699f20d66f2d0788b9fbfc789633ff12dc475ccbff8e32c12003182064632d5053d1c6111dea2ba752035145a265dd1faae284295a142a9116a4a6944b33a14b143e4157bf29d3bb290c8f78158853a59b40b11cb26b5a8a392c93e51c72a4d656bcde847b195b44026397a0f940da4175387b473595e0012d14807f15cdac029af5e0dccce5d8e8a0eddb58d2b87f21de2de7c28ede1e9e581c8dacf07a3ecfded87a1e77ff93cf5ecefc5d78eda224e55c49eaf4b0c6b4ab9d69a76a33dede69df41bf7b2c3bbf363fa0c0950db08bc0c1c13577a0a66ab8ae76b4d0bf5e6f97acb7c8375a1c17abfde7abfc1b6506f9d87d459e76accf3d5c6f9ea92d9ca92998a929972c394ab70a6a268baa2700adbaa9299ead2d9ea92b99ad2f93ae35c8d0914ce82b9caa2994a1428982ccfa74344c25538eec81db1d208716bcb1cb2660d5a32fa4de93d8694bb0589cea4f0a44bc72f1cfcf6e7cf777fb4cd7f7b806fa0af77b0bf8fbf2f1f177bf2b5463ec7080df28a8bb930353d8881023d648853304db5b43d6f075374214e43cc8c44298a9bb7a2af0621ade8c1e912842b4d29f55129a81f0e8161106052b13677e9c24aac6a255a94adb7ad10561c40d3c2b5d627f732a0084f748b0e9fce163aa14e1473a5442fc06ea9abd51ad5caf32329e8247f1c12a4bf7c39fbe4efd4c2a24fbef88c3ff926abcf08a2f97d5e08a2bd3dfc114187fafcb677e7f53fbec9b9f4a72de26c79eca5eaf8b0fae46bcde9e1ad1951b7b3a3eee5c7f69460da9c3668cd1c29cb9fa8344cd798a66bcd33d5a6b95a13b8b9dfe8586c762eb694431eb4b81eb6b81e34bbee373b91bf506f9fafb3ccd75866abcdb335c6b96a52325f6bc68973b596857adbfda632945c6ca14879eb5c9d59c4345b6b9ca9816d33ced596ce54974c56168fb90a86e1046dd9238ebc1147ee903d6bc09ad9674eef322457a647665e3f7df9d0f73feeddf5c98e00d89e107f6f7f1f7ecd8bac1f0222be77b02bd42f21e6d2d4d410dc87fb17c795ff82f9c1568d3047526e57f15322ba8151dc801815594b5ab69c116bb647742dfa12edd0796918695e0c37378a611a3f3c365d5a6ce64bf5a842bef5431c99a0207a558a5796430f81f5a7101a108c722436d2e961db44f8a5fa1577a1076528d227965c21bfa059d95b42a66a264010beb0cd55076c1f2f2d192b2abef9e54779abd5d7d79f9fecf1e6fb407c8f3d20c06befaec013df7e9a70ead7921b275d71576a926ed4a5dc6c4c0b6fc98c69cb8deb288cef35a5f5d97306cbf24711cad498661a1cb38d65b30dced946e77c9373be1104942fb6552db6573f68ab7ed05efd1089d60a02d154b6d0609bafb7cdd7416093400cedd3fd46fb0258692c5b6c763d68af7a78a7eed1dd7ac8c3db350fda2aef134417889c6fb2cf35da51ff7c830d48cdd49a27ab8de315c5a3ae823167e1a8337fb82c67d09e3d60cee82949a9cf8e2e8a3a7fe3f86f3fedfff8e39d811f84066d0bf425405e00886fb27aca7792ecde1690997c637e7674657d0d00c92ffb686f0209430a204693ccc5d8130e214654a303a44c913623a36592a36f35c81c28857ae1aa0a6d1b31428568420052b3b0f5e1b129930116480062bd3aa7ac42a344e8619a5b255a7bda2ecaf35c61451dd20052082a6e90a95588a3aff953a08003d7095a2593a8e9f30846685a0cb4b1fe6c6dd5e0acf8fcdb6ffdfd7d1109f93296f69685444f5f1fcfe020df6f3fdd75edd0f7b9578fd9622e572547d467c63465c73667df6acc8e6bc88b6f2b4aee3465753b0a7a9d8503aea2c18ad2a14ad34085b1cf55da5f6e1aa9b48c5698c7ab6d530daed9a6f285968a07776a286d550f9a2bef37391740409d6da1ceb1d858f6a0c909cbf400f686e25a6ca95c6cadba4ff26a17da6be75b6b665a2a669a2be65b2aeeb756cc35ba661acae69a5d0bad55f34daed946fb4c836dbace36556b0146131525a3e5c523aefc2147ee8039aba724b53df79635ee5aecb9c37ffeb87fdfeed00f428243037c02304b20378cf6f81d9d5bb7ecff64478dabe8e9b347705e5c86d609d2e25c197635d4a282b73e8b99efc4b8fad76ecaae68d38d9102004a1757e606488c101504c55177388a3e0c8d4c988a8c7461aa2e248821120448a956faf40e3dd245e2a227b4263544de822505548ecc0bf45d3866ed5d7aee6a9649a35b0052bccb5210015a2b2eabf8ecebef02fcfdfd83021044633e1f1c121814e813e8e7b53338f0cfaf3f4dbdf08725e6624572445dc6adc6bca4a6bcc49acc387b4aa42d35aa3c33ae2a27b1a620b53237d1991957967ecb917ecb9a165b9a186988bde1488ea9cb496a2dcaba672ae8b3178f579be75a5cf7db2a618a165b6a179b2aeec33ed53bee37381f36953f6aab7ad456fd1056aab572b1a562a1a56abeb962bac1395a651b741a7becc5f76c8577ccf91da6dcf6d2ace6c2f4364356b7bd68a8ca3c5c631dadb30e55035cd3509569acca34516d1aaf368e56168f94170ed8727b8de99d858955c95119574f9ffff3fb6ff6edde1512b88d170880f8590e00b4453e39f0e3d71fdd6baf5c595b969f62c19600c124a8f53d35e6185b8c3945f4284b3e502ee87989e918b8e150f36199ac1e537728403b2451b6c69068470050425d4828ad00e2ba2582300034692c36ca2c8c8df1aba51440a88be79309ad16b160a27ead524e94d45c8cf9fa21d2a0991f1c92a3302dbc36a2a6e553b45354a69c286e9b253591beae3f5d5dad6869fdedf05120232eccc73fc02f28382028d03728c0fbd31d41977ffdb2f4e6e98ae4f0fa9cf8c6fc94fafc146766bc21ee664e645876d4d5dc98abd95161e9e197e2ae9c893e7734e2e4a1ebc7ffb87afce095c3bf86fdf163f4f10359574e9b62af9583a4ccf8bb2519c3154630b1d05cb9d8567dbfb972a1c1b5d080e0c6b90869ae2040ad358bcd95730daec91adb448d65b8d2dc692e6c29c8a8ce4a2c4b8f2b8dbf991b7e292dec546ad8c98c1be70ba2c2acc991e5390935856990ea82d47a4366bb39a7c75e30067756631cad32c0b7f659b37a4ad35ab2e38c31619167fffcfddb7d1fef0cde19ea17ece7e5abbe3d1d611003a1addf7db9a7a5c1b6bcf20c2ad47e9a4e96a1258e161de326641cc981d5e811d160a266f9b554cf9f3f5d0769c2935a6c146e542822fcbdd59452b1d20e6f6f06d17cf84f0b8420da582a1f6d56b5a8135817da6327781a9960fe5bd54a8dfcb928ae4ea2463a20fa20858ed0200c112036afa326aca8feb142d551e91f0d925c3c452309a4af6cac3f5f5faf6cbffdcbe1230101fe0198cb07faf80678219a0e08f00d0ef2f979dff694d3bf95c55dafcb8a6b2c4aab2bccb06724e4dcba9174e362c2d50bb7ae9c8bba74ece6d94361270e5e3872e0c2a15fcffcfec3b19fbf3af6d317a77ffefad281ef6efef143dcc9033961274aa3c22cb1d7abd3a23a4dd9c3e5c6c95a1bfcce7ca36bbe1e52063b345f6f9fadb5d3af3596cfd5d9c7ab8c8365450365853db6c2b6e2acaa8c04535c446ec4e5c4cb27234f1ebc79ec976b277e0d3b71e0daf1df6f9efc23f6d289a46b67b3a32ee7c75e2f8e8f30a74455e4c4dfb3e50d579946aa8cc3e5c503f6dc3e73c63d4372755a74faf5b3a70f7cf7e5273b7784fa05f2799fbcfd2dbff78bc4f75fed69aa372f2dff0dab2300a9efae67f88c71139838c1a6f751d36a058d0a93a96575a322885985ca74c3a189a858bd3d2dea23004a8fd438152d3ae2879a71fac6faf2fafad0d87489c1c617ca14376c438309b54818a54ec6045b60a22886985055bf23c86427d8aa6e60349874565468266dc9211e157ad88a869a7454226830f47c63dd5c53f7cd6fbf8684040505070504f871313ac00f31f5c73b022efdf68531ea6275467c53615a5349b62b2f35372e32e1faa5e84ba722cf1d0f3f7df4eab183d78fff76f3f49f11a78e449e3b71f3f4e1ab277ebf72ecd71bc77ebb75ea60fab943d9974f145c39658cb8688dba5c9978a3bd20b9db9433e4344c545b666aec73b5f6f91adb428363be0101b573b109f438262b8dc3f6fc5e73769731fb4e517a7d567c191c62f4b5ac6be7922f1e4b3cf7e7adb37f849f3e78edc481b063bf5d3ef20b5a8fbd7432e1caa9d4ebe73322c23223c37262ae5ad363db8c397d4ec37045c990a3a0df9ad56b496f2f4834c55f8f3873f8e7aff7eed916001f2da19e878f1f7fe1d5c7dbf38f5f3eebba5bb3b2b6b40c370680841e7e1baed81e5994661cad8fb3043de2a1dec10809f9a91e9a1f6642ddb2c5e08342f5d68dce90d28e9a88b109382f320a52a16a04f243a3d325b2124dcba629552d2b29c30081d5129cb51a8521748e998a18ec22c5c22ace523089dbe2111d23b7101aad2d85972aa376c5486ad698967963ede9da4a7367575854e4279fedf3f32737fe88a0fd7c8203fd7efc6467d29903e5e9d14dc519ada6dcfad23c5b4e4a566c78e2d50b51678f459e3a147fee58eaa5d30511f023d1ae8cc4b2ec24a8cd10773d3ff262c1cdb3868873a6887365d1979d3161aed82b9571d76a93c39bb3623b0a53fa2db9232ec3788569aac238538979bb7511537d4cd91a1c53d5a6b1b2c27e63fabda2a43b05496d39894de9d1d5c9e18eb86bd6982b96983073cca5d2988b05911733ae9e014f29574f674586e5c55ecf8b0acb8dba921d752d2d3c2cf5c6c5b41b170df1e18d85a9bd08ed5d86017bde8035abab24ad262326fbe6f95307bfdfbb677ba03faed4d31ff3797e96d203309d39fee3e0e0edd50d84cfab9af9d15e25d3d4c4c1e7a8bb158a041052f42070561f0d531871262fbb2cc1c24a176e8d307a511828458bff8268eb402f57d637061103152288560e4b884175a80b09685f3b5955a766741a1fac4b07483b11f96e68b0ab20907335db2353747a3a551b71116179d516aa62821432526362fdf9daeac0f4746c66e687fbf6f9f8f8200cc2742c30c0774748c0d16ff615dc3cd75098d26e2b682f2b6eb014da72d3b2a36fa45f3b977ded5c51d4155b52647576628b21bbcb66e8afb40c56db86aa6dfdae92bbc6ecb6bcc4a6b4c8c6e4eb8d09579a93ae34275f6f4a0e6f4c096f498becc889ed31a40e58b287ed79e3cea2996ad37c03e6edb0408e39cca12a0ca38edcbe92947bf97177f313efe525dec98e69cf8c6cc98c6a4c8f6c4a8f684c0faf4f8f6cc88a6eccbdd55298dc6ecc6c3566371467d6e6a654e524556425da53e38df151f9d15773a3afd953a3ee98b38661d22ac010ac5aeeedc2645bc2f52b477fff72efee1ddbfc8203bd71c3f00741bcf869e833477fe8ef695d91af085301909a8229807445901e6c841e6569b8064dc7224f33c4f0d0db48424dcd94e711e6e8cb841baa43442948172e0511204ee30747274af8c142a5459e4f760990628899c2a3744b0531ec28e1a0afd59ba1d6c52ca9f688979494c2a4447665eba6900c4901e490c5b7bba85c3742d8be7ad939367ef64644c8b6ed01febe30eb0181887efcf66c0b3cf7db5796c4eb6d96bc7be5a51d15a6464ba12b37dd9c180d87529795c079506976a7b50033f6b16ac75453e54c4bf51c26d5986cd7db479dc5bd86d4ce9ce83b69d76f275f85b4255f6b4bb97e3bfde6ddccc8cebc5b7d25c943d68c3167fe749571bede0680e61b6c33d5a59365f9a3d6acfe92949e82f8aebcb8eebcd8ae9ca8ceaca87bd9917cd53027ba3337b6bb2861c09a39565e34596b9eacb54cd53b26ea1dc3d5d6de7263b7a3f4aeb9b8a528ab0ae63039ca9e1ad9569a3e5a6d1eafb30c951bfa1c059dc62c18a1b80bc77ff8027150604890afd821aebf6f0ff68bbc7a6c6cb813ae4a0f9fc90fdd968a1df55b9d2a6320ab8c8db22e4215b9d1548cb47ab0aaa0a14d1280888172115007635c2a45ac09857ae15a2234c377a20747270d85a5021044d5a5d5c21c9d0c7448a7470c8ff0a4009202e2c2a43dd9d50a684d2a672c7040543daa0c8e12500244c8dca7482bc2258dd0ebd7ad7d0387cf9c0f0e0946081418e41f1ce21f12e2bf775750c4b19faa7213eeb98cdd55b6bb95d6667351435156637e7a5b513ae6d2f72c859dd6c25e4711eeefa9fab2594c9d5a6be638f74674ec98ae368fd873070c493db931f7d223ee265fbb9d7ce5760a3fce7c2ffd66574e64bf2181003972275d85b355a57cb201802a4a266c39a3a6f4c1d294bec2f89e9ca89eacf06e4866787776444f5e546f415c7f61c24069f2982b7fa6d6325b6f9b83f56a72cd353981d168b575b8ca3a5469197019d1b7a682f4da9ca4b6d2ace11af35463d9688d79b0bcb8d75ed052988a78fce0f75feed81684a967883cd64000f4c99e90e2dc5b8f1ecc42852a00c27c8a2608f4886a31741879fc511dd0a3a0a361a49c1477358f46626899c44a61f6adb1456e588342825aa0e234e5f2ae1658d9e8c6b2b8b0620024ba145084444d9d6230a42b4af19a8299a3d2aa0d15ed835969e0bf0ab08c9b3f9523806af4405443efd4af7615409ce86dacbe7ed5333e15161df3c1c77b82830383820242b7058586047cf7c9f68cb063087dbaaa6c5d95b67b95d60e67e95d6be15d4b418739f7ae29a7d3928729529fa370d059345a8939b375aaa16cb6a16caec136576f9ead364d97178fd9b2078a937b7262efa587df49b97e27f57a47ea0da4bb73a2068b1346ade97c4111285414cfd594ced5189198b4e78c9933864a53070ae3fb72a2fab2227bb3237b7322fbf263060ae3064b9286cd19a3f6dcc9ea92b926c77c9363a1d1010336530753641eafb18cd7426c63d5f6e10a4b6f59498739bfc3523058659e6c748ed7db47aa4c88873a8cd925f1e1477efd61d7764c1cfcf8ab56bebebede1efbf7eda828cb7bf1fc09acc232a220018861b302881aa4ee64f04571caae50a16a7586a0001a3e96475a05436f0122431a404ab3a8e11d80041d0615688e8bc02f5f0a4013c58525ff529ae33988a0258816a54a87a8725621fa160543f9baee790a3b4df52bc7c47cad805e5e8eaa1ae8e6b4da44a415922a368f18b13c441c993cee408fe7ff7e9a596adaf7f59741c1fe21a181a1db834383020eecffa034f67227cd8fbdabcad25d65e9c5b6aca4d356700f4ecd98d965ccc444a9cf923d60c91ab1e58c40f14ec434b9a3b6ec514b065f41b4a48c96268d1812878b137b10d06446de4ebdd99172bd2b33a22f2f76b82471d29e3953913f5b6598af2d9daf35cdd794ce5616ce00297bd6882963a038b13f2fb63f27ba2f2fa6b720060669d8983ae1cc9da9299d6fb42fb6573dbcd7f0e04edd4253d96c4de94c8d61bace345d6799a9b34ed6da27b886641bafb30d575b062acdc335b6c9c6b2e9c632b0355269eab1155853634efcf1f3ee5d21c1706141fc1813e662df7cf9417d4de9d2d25300c429bc44d0b28a28fe4b54ae8db90208f28e8e686f342158fff51c8306e935cf924aa87195d0420e92e4060809ae44bf5241f484a1d0f02f9666a57a7bda444c74ac7742030242eb20a0e8dd2540e289a48062562fac15d38eaae99b9ea92e9539ac5f8bdd54010188f352baf917ebeb650d4ddffcfa6b60a0dfb61d4100685bb0dfc91ff7ba32a3fb6a1cbd145b7f8dadafd2dced28ee32e7029daed2f46e436a9f21a9af28f15e6e4c4bfa8dea844bce98f396c8d3a5d74f986e9c30df3c5674e940c985df6ba24f77e7440c19937b8a12db53c3db12c3bad2af0f14c48e9953675cf90b75c6c506cb8366fb8396b2c546db7cb56186ef6fe48cdab3064b9201505f6e747fe1ad4163123f59e6c899ae2cbc5f57faa0d1fcf876c55f5d0d7fddab7dd4ec98af2999a92a9aac2c9eac344c551b276bad9375d6e97afb4c837d1aaeadd139d95036d3ec9c6d2e9f6a7082a1c1f2d2f2ecc433877ef968576868904f5020bf972d28c8fbcf035fdc6baf5a597981e00316c8fd321986489442cb8d41533183e24045332046191b1d23c991b41b200c3e28d44e44554c688aa6ee349d6ab1a92ab9b2b631000b945f2c4fe3f5685c6b497aa36b9a7549c4c37a74eba2b5c426a5557a2be46b2d6945b55d92cbb304202d728225942ecab93c5dab472ae151f41223b582d179fdaaadafff8fd3670203f9918ce09080dda1bee1c77f6836650c36940fd43a076a1d0355d67e57698f2dbfc794d56348e92e48e8c88e6e4abe5616713afbccefc9277e4abc78e8f46fdffdf0c9ae9ff6edf8fdeb8fbeff6cf767bb820f7cb63335ec9825eadcedccf021734667414a5bf28d3bc997fbf3a2c6cd697315458bf596872d8e476dae476d950f9b9df76b8db3150553cedc317bc6604902bf7aa1301eee6ccc963568cd68cbbb559d7805a4d6275f6ecd0eef28bad56588473c3458cab75af9d1b3b2dc890a3ed09daab54cd75b67ea6d7cacdb5436dfe49c6ba9986ba99c6e2a074ca3d5b6bac2f4737ffefae1ce901d217eb85bfcbc3d77ef0c8c093f3335d18be9d7f2daca12fee3c37865843893d7f4427a04260c260d01a31ce14688a10b431af9e2ad2430927ca49536a97a4d0b5a6d1a038a4ea59755ec6016b6b6de3f3c5e048050a972969aa85ad4c9225aa54c2b4a50bbec4abdb2ab442706d80aa77a016c788fe0740ac1c29f2249cabb7ba96a904ad05df878cacbf53bfd83272f868586d079c1aa7fbac33f2dec505779f170733501aab20e961bfb1d79bd96cc9ed2f4bb39b1ad4957ca6e9c4c38fce389fdbbfff82838eacfaf8d05c917ae5cfe6047e8b600cf9da1fe01de5e3b8303ae9c39585bebcc4d8a2f387ba0b7286ea2d67aaf201933b2be9c883153ea8c33ef7e75c983469b0054f1b0c97ebfd6305b9e3f55963b6a49e7572f94248fd90053c1edac584bc4c99c9ba7cffcfefd2f7b77fef1c5ae635fef39fad5ee135f7f18fefb97b9170e94459e6c4fbb326088e31b8ce505935586995ad36c8375a6010cd9179acb165a5d981ece36574c37bac6eb1c98f95f38fccbee1d813b42fdb68560febef5cb7d3b1d96ecc74f163905a3035be6448cec7016a6548b4123071a0a6a15f11db52affa5721048ebc6421dd2d0114528bb254a57f73cf5273e81aa6473688d31d0fac0e844a941be1f4800d2ac9c98352a9babcf5a4824b5bced9f523cd5fcff273ce406082d49a67e85c82122d895afc77e7b0ad194c2cadfd1e922065a5a59be3f3f57555e7ef2c4b10f76046f0f0e080df2ff7c774041e4c9c13aeb486b755f95b5d755d2e72ceab364f619537b8a929a92ae955d3b9a73fcc7889f3fbffafd2711bfec4d3ff1a32d232a3325e6e71fbeda1ee01deaeb1de2edf1e3a73b2c3931f75a6acce9a94907be6a49bebc78bbbcdf92d7917ab32f376aa43479d296395b5eb0586b7ad854f6b0d9be58675aa82c9875e64cd9b3478de90883662a4bee37b97a4ab20c178f1a632fb5d4da636fc5ecfd78f7ae20efdd21fea17e9edb033c7ffe6c4fcca563378efd7af5a77df9a77e684bba38549a385e963d5559846869aece385f6f5e68b2dd6f712eb494cfb596cfb4564c35bbeeda0bae9e3cb86747d0f610dfe040df009fad477effea765be5dfcf9e6040f0878ddbfcc86052b532928c04c4f6882a99565647e88168ef47331347254782210955a91d9d3f5d3510e5b964c1498516c8e0d3f8f581e1b1d2c2222e24ea182a86e4645a0bf6438c1049d46c1215acea659a09f69e3902964aa843eaa8dbd28835625a605284b90547d9909c228229d8d2eaca83d9e9beba2a577ae2cd9387f67ff2c176c4d181bedf7f1c6c4fbe32daec1c6eae1ca836f59715f6dbf3062c9903a6f4eea2c496941bb53117ca234e39234e54449f2d8f3e670f3f650d3f6d8dbe9871f9c4e5dfbe3bf3fd17577fff3eedcc9f65f157aa136fb8222f945d3bd25d7c6baec93660cee9cc8ceacb8d192e4942100d2ff6a0c6f8a0cefca0c1bc5853bae02a9c73644fdb33c6cc69f0478fda2b165a2a9b33e24cd74eb79af31726875b3bee1c3e7a34d807807a077a6dddb73b242d36acbdda59782bf2f8fe4f8eec094cfef5d3daf0c33db911e3b6f4a9cac2d99a12be12d960bbdfec5868752eb456ceb557cfb655f6b80c11678f7cb41deeda3b34c8f7e35d0161277fadb1150e7634cd8d0ffef5787169f985b2406283f8640a63c861a7bea841d1a32e50ae6c5542742de86826038525213a925df76d2f7e4334c53527cd7f313685c610600c8d4e988a0cca02a9ba94b00a4eb9591d73dcf5eada654bbab7925de577042fc14e125a31f1502ae79d5354980c795b098514ca40f085b7c78bf707eb2b5ab3121a9222f26f5c3cf4fd571f8406c2081df9fae3da82f8d1968ac17ae760951113f5415beea0553e8203868a93bb0a12ba8be27a0cf1fda54903a634beb46548ed2e4aed2c4a6ecf4f68cf4fee2cc9ea29c9e92acae82e4c1930a48d97154cd598469d85fd9cd5c7203a1e29499db2e5cc390b172b0c0f6a4a176b8d0faa0c0bae825947f6942d831f0672642d363b16dbaaba4c391589372a53c2ef580b3aebcad3e3627fdebfefb36d01df7db4fdfaf15faa0a539a8b326de1e7b38efd9cf2e7d779277e745e39dc127fa1273f76dc91355b534c2354675e68b42e80a196caf9f6eaf9db358335e6b8b0d39f48108de8e7db8f43a20e7d638fb9d85a90305a6f7d30daf9f4f1fde5e5254ec4644d51ee408e2155061156a83bcec9554c22da54dcc8645ead41eb1a7f6b38545aa98c4a577ac12c8ccb958a24fee425c8e2347e6cc2282e4cf1c88af4373a44e5ac424dc2a5132a4d0814108a83ff3248ecc4ff117761b948f649dba51d4287783a43224147ec1c8fbe7e85f079a6a7ab262ec274ecb7caab272ae2aede3a77ecab7d1feed91e7ce9d72fdbcc19a32d950335f6a18ad2a1b2a24147fe5059ce882367d8910b1929c3a43d97f3f6b2bca98a42be875a679dc32cbac634cbd758ed0b7ca8ee9aa975ced439169aca1fb456cfd458874ce9fd05717d79b7060be2c64a52a7edb9736585f7cb0d8b5525f7ab4a1601504501a6f153b6cc0973eab8256da6b2e87e1b6c46d550656947514a6b566c7b767c756ab4e1c6f9fcb013a698b09aacd8d682a4d6f4883ba9d7efa58777a4dd684bb9d6967aa32333a2a7306ed496315b55300f86aa0df3f08f0d762e72b6552edcae1d6f74664686edff78d7b6209ffdbb432efef089fdda913b19e1bd4549bd4529238e82077ded4b4f1f2980688530987c8f86f79e80220c89fa151900486c8f4287bad600125199aaa4d0a66b4dd4a766d0b439d8ca9b80084c91460c8420da5050c4cfc6031d56ca2a7486a40a050dd2f8034632a313560402f418ce5055cdbecaa291f0a121ac7aa0b9360d203130b458ca0271abfd07a1df948ebe7ef5ecd9b36e87b5eccc51cbc11f5c67fea80e3f53147efed02fdf7fb22b38eaf0b75dcefcf1b6ea811adb6045e96059d190337fa4bc002664d45930e6ca9fac289cae2a9eae2a99aec414ba74aec6325f679fafb7f3edd246fb5c23263ee5730de5b3f5aef946e7fdd6ca8506e794a360c4903c5018df5f18375494386e4a9b72e4ce39f3175cc58b15a4e73e0082d3019104280d0c4d3ab2603c1edea979d851b7d05c3159651e36e70e96640c97668cdb73a72a4a262b4ac65d85d3aec2f94a44df4593f69c5173c6b0396dd89c3e6acb9c7466cf56e6cf5517ce5717cdd71ae1c8e69a1cb3cdce853678b12a4372ccb79f7db4dddfe3c8171f58ae1eed2b4c183665f6e62634ddb85877e1685f7edc5f635dabab4b6f83688ea80c22c65b53a5a84f61a128112d93188189c4305f89ec8ac5525a1374c461c9eb63a24136845d79a5f52562a0fea1b1e2bc020d20ad5eb60768c4e2693d2040d43a05154975628714190448d90ff7596a65f92d40722e4a0873428f0e1026592b4b8ceb590979922178b9f6ead5e3c507b7f3b21b2f9f6abb76aee1ea99ba1b67ca62ae851dfdf39b0fb7279ffdbdb7b274bcbd66b0560072150d3a0b475c85a3aea23167c184ab00e1ed5c8d911f96a8312ec041d4dbeef37d0c07df3084869acbf9b25863f9424319df8aaf77cc551aa62c196325c94386a4a1e28491d294714be694032e2c0f71cf6279f1fd4ad06398ab2c9e77e6cfd8b3a7b80e990e5f36ebca43fd8bade57c01adad6681efa039e7aa2d7355a50bb5c6fbf5d6c5e6b2fb8d7c8cbf506f99af29992e2f024f33e50508cfe7209545f3d5c50b3586853ae34223002a9bc1acbead0a8eac2c37f5b76ff67db9d337f5d44f5df971c3d6dcbee2b4bb09e16d372ed59efcb3e9fcc1a9f2c295670f714bc3a71020ed161480348f41f5911801887c288044cbc85247b51c1d206cdf02b4b1216b4dfa744754a601c4df710640a3c579f9ea0ba600a360845665e6c5eaf4dac99012a9488340b33752b5ca57b8b098d603b54b83e4ded512a881370dee9e95e525f94093424a86e09500b4b0d055987b37e66a577c787bf4953bf1d79a105f9c3efee7677bf2ae9fe8adb58db6550fc185559a86cb0d43cee2116711001a77164c5714ce561be76bcc0b087ba1c53af3fd06db6253d9629373b1996fbc3f68ade06ba9cd2e6a1766a9b274c6913b01ab604c063a23a5a9a3a67400348d18a88c00dd77152e5414cd5718e62a8ae7cbf367cb7267ec59d3d6ac296bd6b40356a4e87ea36db1a5e27e33df73bddf5235dfe09cafb52ed459ee37d8314d9b6b2883d95b68428e1960cd579790982ac37c5531b60b3525e8e402e6628db6f916275fa3264055752539277ffbe6f4777baa122e0e5bb206cdd9032569fd9971233949fd89d1ede70f0fe4de7a7e7f62ede52b0590dbfc5011eed0875ba880aa542276c87d48ff6086ec6aa26b0af5d03fc8a45dfc8c3b535c18df48dce81b1a2dcacb2340aceeff54446e88940aec3592a40abd0deed2a888df519d66be8e1a9b974b627930c15d9e88f2205a63e59d104a79438860fa1200f5190a3a63af77c547dcb975fd5ecacdd6ccb8a493874fecdf6d8ebd30d4e81a6dab1daa750c579947ca4b47cb4bc62a0c63aec209dcdf957c7485d90dd1a9b52cd49817ebac0f9a1c0f488c7c70a7959fdd213df01a55a63957f1943d77dc943e624c1d31a6617e0e993067808f39472e02e7858a4238aff9f2c23967c19c2b6fd6998f99fc1408b3664f3b726771b4cea4e8bc2f181153b4c5b760115d553ce0e7349c9867f1e31cfce8990982a87ca1b654102f0558f30d5646664dae795402977abbbadd6eb879ea60f491af5bb26e8e5872466db988e7868b92c7f212c732e2fa232f8d16253f9d1dc118aaf056ee6a35920c78b85a4895f18ec5562c8d3b4a116df2c7c2488f6e2374fda22adef3a223a9533445d5305366610aa0252e248e190a0b318d273aaa2226347ab44a296f3d1a85cdc82eb7e483faa6286323f98282e69214402a537625879da337d42b647931c33c8a928f16167a0d05f7222e77465fed88bb7137f96673c28d8ce3072e7efdb12bf5e6484bf5586bfd709d63b8da3c52611cab289da8344c94174e551866aa4ae6aaa99545181e38af5a0bb60f1b1d0f5bca1f40a34dce87cd650f61901a1d0b3596d972c34c59c1842d67cc943952923e5492320486cc9963e6cc295b36229ef9720054345f5e3457963f0b5c9c39d3ce3c9a2853c6b42d1ba66bb6bc1011cc62a35dd5cf0f9709340f9b81297234581f343a003118a2396cb02ed6036b92749f9f16b2c8d37e84f6e0acfc7e7bf5fd8edaee2a6be68d73e9e77f6fc9081fb5e4cf549aa62b8a468a9247b2e34653638662c2a64c99cfe64739c81c3519496d60b57b1809e620ad738334b5aca0914c2420540dcf52baa336457dd8325fdde172cfd31a1120fcabd68146c64a09102a928f4fbf7cfd46226801450353eb8d9b2486325a6fb4a39a083a2ca0bea2e5ff00a409bbe2161ee515caaed083c292c3c28f1716fbcd257723c3ee455cba1b7ff36e72644bfc8dd2cb27128ffd5c97173fd2523bd6563f52e718110b34565e32516198aa2a9d41b85a89d0c77cbf0e4ab23e68b03d6a743c6a762979d8e47cd4e87cd454f600f1509d65beba74b6bc789a00e58e9a32868a93078bb8be8c2077dc06f7943fe72a5a282f5e7015cdc3f638f3661c39d39885d9b327ac5993362472081062e4ea5202d45afea8959fdc787cbbfa717be5a3d6f2872dce07cd8e87ad658f68f3b05b0e701f34d81f3442ac904508dc5cbd0d511a3f6bd68c88be62f14ef5e2dddafe5abb21ee8621e26c47cead314b1e3fdc5861182f4a1fcd881b498ae88fbc3069cc78b630e60648dd78a2290c3e461e3aa6f9112ba06c8f1c15b5c2f0e8ce4b773b8294a4f9b92b51a8269a8b50931bcce1d53a106761746106b830dd02b14669894db261181ef5812fa6a5373445d22a03203626c64925d857e5d714405c30807bd6dad6431cd51b25bc682da1e856c658d5f0f793c7a395ce7bb137ef465cee4a8eeccc886e4dbc61bf713af3cc81fabc84e1d69ab1f686917ae748b575b4dc48802a4ba7ab2db33566d2536b7d506f7fd800713c6a2c7bdce402343042d83e6a72c218c0a92d541ba19299f2e22967c1b8356bb82479a0207ea038191668d49a3d057be344dc53b28070b8b28416c8899cbc1967ce94236b020cd9b2a7e0c2caf8b20742757000381e37573c69af7d72bbee713b482a075270978fdbcb1fdfae440ea5b5e2315046679ac0104c2300b201bec526c742134225c7028cd69d9a07f7ea87ea9de684706bf4859ec2c4495b1e2da5b370bc387d2c2b6e2c2572201a00a53f9b1fd3a723183449ca622f7631988a27ea116ad51d8baee8376eb7c37c858ee80eead01671841eec0a40ac9df4c8c37fae44f337a3d7fb0611444b0c44512f3b4a1b444198504d0a19521d13a44748c221815acab0985640b37bbc0c1d1a008beb5436864119e332e996ea1fd2cc9465799eb2bef66ae3c5d2f3c99686aee498bbd1573bd362ef65c5d6c75c2e3e7d20fec057d56991232d55e3771a461a9c235516beee2373e6d92a13ee5404b0f7eb6c0fe1b6c0509dfd61bde3514319607a404706cd39e1d11018cd571be72a4aa65d864967c1a82583eff7e4c70f96a68fd973279d85b32ec3bcab64a1d2781f38d65816aacd88b531599b71e54f96e5c03e8d5b3226110681b38a12225b0f0ecae8b65a2be51364950fdb106f01a0aa47800936e94ecd13c8ed9ac7c869861b75d008e12c1a247e707141bd3f440b54bb78b761b8de658ab9967fead7965be7478b1211934d5b73264a33c673e2c752a286e3af00dc178fe739c29cc8d331f056546a92218546a04d510a75a4691922ef72009ab739d4a6a24d4387bb92b306616d5419a763d8626a867f5f3206ea1b1836e4e5fe0bc1382a25924a4883c242d5a8f89006088de44b03aabb8a3370ade8613e0b001aceb38804436c05135db5c248bb485eb308ff0420eeb2d8f2eaea4cd7dd9eace47b71d7bb32e3eea4c7545c39957be8fbd81f3f73255c196eae9c0440f56508a2c72a110061866c98adc01cc7b450874015d18f7db1cefe0024111d075445801a1c6008f90b3556303457659c292f012ec3a5197d79717d05f183c6f47147deb4ab78ae02f37623b87950637d506b83c5623c5e5d3a535e34e9cc1bb72248e24c6dca913f5b896914e22dc7fd06ed03ac087ac45d32ee79d4e27adc5601a7f6a4a38e00b5573d692b7fdc4237fab049fa46774686647d811f6bbc7fa7e6feddc6e13a57c9f50bc93fed731cfbee4ee4a9fecc880943d2241acd4b184d0e9fc88b7fd8ddb4b2f48cb7a200a40da312458c280bbb0a05c58ad2238d903cffd256a591afe9512954a958ab4d298eef8d484be2c5f83eeaf2ea5affe0684941a1ccc20420316e6e8044c49a294428ac9a6f1e8963421be89f300e07ab4e042c2c26a748f3fc5300495778a7e8877480f4be2aacf45db8bfc5d191dec2dc8e849bf7326f35ddba613bf567de816f537efdb22ae9da7073c5787bdd482d63204cc126604b60812a65f60e0353675ba01db272fe452143a087aaaa87ff72dcaf4519eb5c8d69a6ca38e12cea2f4eedcebed5979f00ff3566cb2140f05c35269c0e3386d39158c4b4bcc6082334ed2c1cb3668da2a4397dd29e335b518c809df450000d3f8578bf1e807205e161a3fd7173d993f6ca27776a191bb5963f69713e69763d6e723e6e827b75882fb321545a6c712100badf5e79ff4eed4247e3504d99e5e6a5bc83df388f7edf78e1c0dde873c3d9510068ac3071342b7ab6baf4d9c204144ab3cd8847c6561b3aa53b814059208896a329971a57ef25bea3745a0724a050a4599e8a13bf28ea86a015fa2f8641084b641d68dca0fdd481069040aaf500c21c2698a3c8a0a80ea93e4979e6483129a0db212d1f3d1080d0030d2071db8a12e9960e90a24d1b059efb6876aec768b8931c75272dbae6e645e39f3fe7fff265fee1ef1a32a3869a2b465a6b86abeda315a65157c978b9610ae1739571aedac4ef6481d3a198176b2c304220406c0f00822972c038c144c1cdcdd75966ab8da3b6bcaebcf8cecc98fe82e41153e6843d1781114084a743f084b0066113e18355abb5ce5731ee1eb7e78e94a60d1912c72ce9339885f16196e3013f01ed7a000b57ef404f30699aaf3121647ed4ec78d2ea82ed51011044070801197a65972586b2c596b2fbade50bed55f7efd4cfdfa9efabb054254656869d6cbc74a4f9f2a1db374ef4265d9b284d1d33244f18531f74352e3fff4becc15b802472a0be39c6a2206a4a89284b00d2e321771c4dadb901e2b792ab53fe0f408a2110cb176cd0f02bbed2ca95e87cf534defd82be0681bb3d0182bba88e6d48d5fa1a8374e5ad07d51a76775d75050df392c8afb830618bc2436a0aa6f5efad1d56953c7ef0b0d769bf9311772723baeafaf99203df17fdb2df74e6b7da8ce8be3aa700e4184104ed328cbb8a265c457c7021a6888eac1636c0b2584313427a00412339784823c1393c820f18a1a98a92fe92b47bd9313db9b7868d1963f6fc290440f05fb596870dce276dd54f6ed7ff75bbee516bf5c34617e04348345f5532ed2cc0b4bfbf2061b0380901f55cadf13e422bd0d3e4422b98e22dd4dae66be049c1878b5e8c86a7fc4973f9638aeb097210710b40e2cbe8f8b82ed5e25a68af5ee8a89fbdd3d0e534b6e62563eed91175b1f5eaf1dbd74e74ddba345a9c38664c45f4f3f7e4c0eadab26e81e055d418caf88b5da776c093e48b76245e76c73d2a0d80d47c485bb9660e9791518ffb0e67829ae22764240c1280b8a2c76761b04000484ea311a2471448519726faa78474a8b98b7cb5a5c5d34912213d528c574291b42292bbdab5b1b05680d72617cfdb0800b1bc063b26624f9f0e37d675e4257564ddaa8e082b3af07dc12f9f9bcf1dac4a89ecacb00eb7d48cd4950d5798465c86d1b2423e51af28063dd388760520ccc5166b19fa3c6a8419c014bae251a328989a76c2e3ccd65846acf93d0589bdf9f143a569e3f61cc443332e0362a345044f8d154fdaeaffbad7f25757db938ec6472d55400af60c8111a2ef497bfe9021b53f2f7ea824651ab37d9834c6c298e2a1090440e58f9a2b1f3657c2803d6ea9a4ed69117a5a2a80d15b0bd4c85921002243f21d45f7db6be63b1aa66fd7779595741bb3868a53bb126fb45f3b79fbdac99e5b9709902963aed9f9fce12cee3779255a2220a89942dd0b2e32f2a272e140d38b22c6ad6e6a5c47ea1d3d2af5a90a35012f705b0c83e8c264160680e48dc4e2fc02791aaf55a1095b6203a84b01a4e5eb2ad70182a8aee8c5b42d3990b4d61b39453b5717ad1890e285a39f0cf515f50cbd79d94b2b2b535d77ef16a6dfc9bcd590105974f440dab77b8b0fff507eebca3da771a8b91a53153eca701a86cb8ac6ca0a2631274724546d9cafb5c000c00cdc47284d33e0a4270243cd1594a672a879a1d63ee92a1928491f30a4c0738ddb72271c303f4533e588c4adf04720e0717bfd5f779bc9d0bde6c76db5344288876a6c8bd5d6b9f292295beeb02175a038896113179f2cf7eb61db841e0254f1a8a512f2b8a5ea0919820b4382a68854c1393621948669c4dc0d16a88cdf1ad35671ff76eddc9dfa8996eaeeb2a27e4bf65061eadd98b0d6b0231de1a706d2c3c78c69a396ec85bb754b7f3fa4cf52e133fe74d7af01c47186e209174ae8372df395a5512a7b8b0e77955ee4a830a79c17ef6402442ba712004856a2e9c2faf82c2c577d32d55d17097d872756aa20a0fa154940f8ddf546250cae3574783144478349d5a01958d590fb10af59a051b0b38c7cbf07fa2a6f0edc9f1ceb3617ddce88b99d1d571e1d96f1fb7749df7d62387ff08e3967a8b966a8be72a8d2325c5e32525e32e62c9e701a26cb01906901316c1dfc08e8b1d38934819bf2472d15d4625b35948a687716e499b2070a5346cd5993b05ecea229573166f5536545b31546a0408bd5867953dd93b6da27edf58f5b35801ed6391ed43aee575b162a8c3308a8cd99c3e64cd8bfe9f22238cd070d5c2900ac8f309f0740a0b09553f727edb58fdb6b9fb455fe4523846008a115cc0f57a7e852e5cb87f88543776a673bea871b5c9d96dc3e434a776a4453d8b1e6b0c3dd29d7464ad1d58c3147fec3e1ced5e517a2544e5b2932864ae34209558301d7025ef0f3e60db4fee2c533f81f651dc414c152684f39d40dafa9465b80d65c019542edd0f6d08b89a095e5b58d81e1f19242ccc244fd08a0a46a258a12e453e514f194ee5da8f9ed21e9eebbf646405199fa2eb692a365325f31a47143cfcddb8869414d787fb9fef4ef27a38d3577b2e26e67c6b465df2a8fbe5478fa40d1853f9a0b92071b2b869b2a86aacc43e5a5c3aee25167e138e6d8b440e67900546f5f40c8823914dc0414d94674a0c547edd50f5b2a119d4c9615f715a50e16a78d5bf3a661782a0c889f261d8563a62c58234ce8eec3d820766e285bac2d7b5847c70487b85065c6f61163299284207dba2c7fd89489487ca22c0f01f502a6fd4d2e34f7d7ed9abfdac15f0d4cd7638078bbf6af3b75cc01c74dae278d7067eaebf4306b0340658badaec5f6aa858e86d98e86fe6adb5d43faed94f086eb27eaaffcd9997a6dd49c39e1c81db3664ed59aff9a9f10cb823fe5bfa04e30220c8952780f23a1190fda7580b2babafae2c50b9ca854c6e76512b108438291a659ea4b451412f8129d35043ff29bac14edcb15f8347e7064cc68502fd5e36444e0ac91d5e9e687b644b33aefd4cec71dc2049a542247554992a1b6222caf9fae00d22c1679625502b80248f12eb64700c23520505c59181deab514de4e8b6e4f8d6c4e09af8a0d2b8bbed090138f511e6e2c1fa8340db88a071d05c3f6fc316721bc1866e67375b040008804d07f290f02dbd35ec3eff8692e9fafb58d5a0bba514941f2b83517e667d2593c68cabc9b1ed991727db02061dc928d9ca97244e5a5b315a57315c6d9ca5218a7496bce9c23ef7e6529666432bde7c75547ccd9c3d6fcf1b2428088f81d3379981fa003bbf5d79d0684e134635ca1ae2540ad088ce8e310153d6ae1a21118e25b2598c62382bedb34d3d1d05956d29c1edd9a74ed76f2d59ebce889b29c2947feb82573dc91b3d8d3bcf4f4b1b812e5a0686064f4643cc5788be2b10bd384125cb3619a372af24517efea4ed4f18e82a80e1a1b52c2487465638deff0af2c831b9a1f79111b87b46761c5c5ca854984a5d91e559d961083a1591795cf5d05bb2aac83a2952131b22b4273a2ce5224a97cd6cc2b945dc9942b2740cc21f50c12c9d0c6d3a77f8db534dec94868bd75b53136ac26f6b22bf652757a5477b971b8a162a0dcd4672fecb7e40c597310064d388ba6c58bc90b158881ca249ac154084688f42081087a8eef1fe674a4467767dfe2d49d33f9a4d24b27e27efa3cebe05735d78f7566460d96a40f1b73468cd9e3e6ac516b569f21b529f9a625ec98f1cc81c6a833a3869485cad2fbd52678bd6153ce88356fbcbc745a5632412d0220782e00f4e44ec3e33b754f6e430810a902ca2d158f5a418feba1facebc26e702a4a562e176edc2bdc6a9db75774d057732637a8bf9f1ea5147d6942367c2983e6e4a9f69303f9d1fe3d7b3d28fa8085a1921f2813f19468eb01a67095c8430e6c8d29da88fe8e8ce0b22faa24269a8d6d75ff0ad7d4ed5711ec67f19b7f12af859417b6a0ab62a6f616b4fe3f3d5c3549eec26865b117d2151a51516ea90024889f455f34752469012aa548f153a3cebd5eac64bf52c5772d46d214da03c2ad500c228901ef9e3dbf50f66677a1d9696f8f086e8b0cac88bf68873ce846b1d6545434d150315d67e4771bf356fd89e3beacc1f7715229499a934ced55808105787313342b481a0a41a86e161938beb34d5a62163565b627873cce5eecce8c1fc84c6d82bf9270ea41dfc3effc82fb67387aac24f37275eeb488feeca8cedca8ebd9b15dd9474b322f252f1f923d97ffe587ce4fbe6c833e386e4d9b2fc3173767f51ea882577aac234536345fc7ebf0ef33e17ccde93b69abfeed40320443f8fe9cb100c55231fd11884410f27ffcefbcd4ebeccda5abd70a77efe5ee3784b7597b960a0246dc49639684d1f2e4d192f491e2f49820b7bd0d7b2cc8f364b300274e85c2492167af0c7f1d418a245c71175138a0adc9a625a34ce2845ec10cb2b86c0c7f3a5a5e5a51752314328c528f60010ac10c802bb28fc6275ad7f649c2e4cab456677e29e44d97ad52aad5861f3da2ecd86ca1451c428f51314f84f5e8676885b398500c18f0a3762d5985097a715d0c81317a6fe50ffd2daeafcc848b7d5d8941a5b157ba53ce67245fcb53bb6fc217e2ac33ee8e2f7850d97e58d38f3c75cf062453398c9abafe16db02fcafae123d821aaadfc6163d942ad65babc78d494d9951ed378e37ce3d5530dd74f56851dabb971a63de1e69de4e8d694a8fac49b3531618db7aeb662169d12713b23ba2327a1bb30a3ab20b523fd565d5458f5d5136d5167bb536f76a547f6e6c48d5a72e1ece41b39ed000891d323ccb3102f031afacd2a0a6d8f782eae29c8bb1fb27a741ff4405aaa16ee34ccdc6d1c6eace836e70e1af9d308fda529c386e4b19294497bd6fc9deaa78b33d42047460822401c4d0e2089110eb41cde8f6f01025c4ac51c649614e7a50012774695295d70e46963e8b00090d426b1142d9002886811a081d171b3517d32950280d4ba8e26126431a12b9508bb8f12143d2dbbbc0c11b2a5a7597e8dac6835bc2b122c5370418a2756a565aa9b09c2fef3233ecbcbf3a3a35d0e634b466c534a445d4a6487b560a8b962b0ce3958611a2c4318940b8646cb0ac69d7c2b48bc987ab06abddf60e5e330cc7410abd659f938c2913769ce1c2d4eee4e896eb971a136ec3818ba1317d69b193b5098346acb19b617f518b23bf353bbf2927b0bd3862df95395e6d91afb94ab64d2923b9097d21c75b9e6f2b1a61ba7ee265c1de603f39c59170220335d678d75b1d6cee9185f1d519379c2447ce1b6f88c8c4f3c18fa343b171af95e36bf70b8b56aaea361f24e435f6d5997219d9f7935a60e59b3476dfc8690853b554f17a7e14818d350c43470706488d488c9d0f13b175696180010052a5e0308e3ace9f7ad1e957e9940be542226836f84f265207840a107c2f0195648ec109dd9fadad2ea7affc8686971811b207161efbccfca2d2a5586474433368a06fd2c1d0e5e801450fda3f0903681ffbf0cf14472a9a8e721de193c4be5f08a55d7651456d75e6d3c7ff162a6afabdb5c703b2bae293dba038a6c74f1d3cd95e60167f180231f0c8d38f2c6ca184a4fab271b55e6d92ad3428d895f418f79592de8299971e64fdb73a62c5953a68c89d2cce182d4be9c045891deecb8bebcf841b80c67c10c4a36ba66ebcb66aa6db3d5b6857ac4b9e5b335b6f1b2e291d28cfedc84aeb4e8cee4c89ef4e891a26479b32c67a62c6fb6bc882fad569a16aaf8189f4f7331c36ae02b6cf2049e04c3abaab921665ee4a6c139d7e8986b76cdb5d7ccde6d1c6bafefa9b07417a60c15c463e63582fba1baf47e57e3f307d3dad2b3f81331cdf2077a48880c9a1a2e44482b2fb02b004951458fa62fa51aa6851ed9d5942e82921879702abc686d483d22cc5e5925be4b7061c3a386425989164dd3deb845d937d2c37a9552d980b213bacad103149392c042352fc524c153843396d43052059890caf5f2482b83a4ce950546ecb2eb5c5794fb69657dfdc9c307232d751d45e94d6951b78d597d0d4e4ce607ab6cfdce927e47e1803d6708735dbe575f3405862a4ae0cbf8827d55c95c8d893f4580ddf2224cbca7ecb9984f4d997326ad7913b6dc315bee883577c8923d64c91c45c45a6e98c58cbd49debd6f289fafe7b7232e3697cfd6d9a62a4ac6ec7923e6ac314bf6942d6fda913f535630e3ca9fc51cde993bebcc9b7315ceba8a698dca8b17aa4df7eb2cf7eb2d0f1af9dac6a26ce1e098d9c037c8e61bcbe69aca669bcb665b2a66db6ba73b1a875b6bbb5dc6fe92f43163da6459fe044c697be5df2a70863aa95351aab02264101e0eb576bf51c782140753cc140aab21d586577c96f8321d20059f0c38d3ace5d9d2eab3e7fccc101b6373ca1a811e02844e20885e591d1c1e3317a95918ed8d4241aa664b7c40a6cc865eb5d234152f6a96536815dd00292c54cf104bf139cbdb284ac5462c46d1eb148cc4ccbabfe0585daa2eb8325e1e0a60389e2f2f3d989b1e6aa9bb6d2eb8eb2ced6fae1a68acecabb4f63a4bfbec05fdb6dc017b2ea2e93107a663c513e5c58887a65c85fc2c44253fe283c494fc9a2e743369cf9bb4e6623beec81d75e48dd872876d391245154f56944ed79ae54be65dd355f6e92acb3ccc46936b0ed177ad79aaba148471d5b19c1fd999292fd43e62018cf8c659de7419247fc65930eb2a84bb94179f4d0bb5e6057e3e8451365f19a8b3a2ceb906fb4ca363a6c935db52397ba776b2a361a0a1a2db513c6acb9f018555c6d97afbe240c78ba78f8982faa3c9e11f130a20b7fac9908864ca0873dcd451c58a8c30b7b01a745b6fe4fd43bd0c069ce5695e96d69639d7a35e20745bf45be8866208adbf58591b1a1eb714f31bcaf876887a414417775a57aad4ce7e68a10ff2e5bd13814ffd90a5ca672644d91877bf851e9454af4b6a75eac0c98da2cc952acfa3e8b7ac67c8c5cb856122b9b4b2fc6265e9efbf9e2ccecf4d8e0c0e75b4f43794f754db7a5c253df6fc7e7beea02d7788df0604260a2063fca9afbc4967c1644511c55530599637e14066010cc9982d1bf3f36163c65069bafc72650e267184a3aa74b68e1f2563d053699baab44c575be66ab932395f6f9badb7f0770b2a4b61e7269cfced95d9aa623a2f67e19c0bd014c045ce94c9cbaf8edce9b25c7e88a7a2780efe1456b0565e3841e5fc9e2b3b5d64a373bad935d35a397da766ec766d5f8da3d3983d6acfe1e3bc46e7c39eb667089c396f17c5d177d0a5d06608376ec56b5e420c8f8c21f2b5029229b7a53eb638459c8c2e4a3bd4ec6b758ac68d0c3b651d6e8bd64800a2c01b3c5b86059ab49458e47361125ea9a549a14773674afdd2b6aeceb73a563cbd654511a02e40db658e02056999e4a3bba85f2fcf7ac01fd2e8375b51d5f20ac1b8aa5fdd55f84f1cf0ea2abc3c6ce9c6cbc5878f86baeff6345400a05e67492f00b201a0bc21bb1258945cd8152863bc2c771c2439f953f0e38e3cd89b616bf66069faa02179a02069202b6e202b1689616bee388c568561baaa74a6da345b6b99aa344d388d136586c9324454fc482b6cc65cbd15784d559bc65dc5307553306f1545d32e38b2c2d98ac21957c174590182742eded8b226acfc35d66920c5b921427b033fb0566799adb7ced459671b1c33cd0468bab572b2bd76f4765d7f5345a7b374b8bc64aeadeac948f78bc70bb865e41b35e9376885042060237f3a4ca21a1940d18ee2460ba2796772c0b5a37060f462c851ea86f09066b17033a30541477de24c6e6de882f4a8ade6c2369ec3028d4ed84c16f5345e3739ee34c1145db2d5773aa709b16031d1b11234af505069a578a14495675aea5117438678a2ca572225e56a39ab947a20726f4942ee06599cd8587ff2f4e9d8607f4f63554fb5bdc755daebc8efb3e40d587307edb90aa021fe166ee6883503326acd1cb5658d58b306cc99bda569f70a13ef64c674a646742744f4c6470c24450de5248c9ab3c019ccd58ca360b60c8ea964c6553aed289eb221a768d66598ad4038c5a5424cf100d084cb300663e62c1877c1d4e521a12cdc24e8292b0040e3d6f43173ea98391d244d3973095965d16c75290cd84c9d65ba965f3335dd58360380daaa265a6b46daeb267aefcc4f0e3f981afdebfef4d2b3c7f2ab4550179d06f971d32343ab2851a3c4ad7b24358044f142985201475b1b73ea4e9bd56b4245c85377c0a10c0fce95d93c1be5c8d3fc6846084ae0347e706cc26eb3b90162756278688d90966eb1eab73dd30c9dcad45aa5d6b5a3105e0f0ba85d5a0e29f31a44d32bf1c2d4b9a847f07a2baa2a75a9d2ba6a57dc39015217861af86ecacbf5e74b2fa6c6467a9b6b7a1540367e4d6e9f25bbdf923568cb013d43d68c214bea90296db02465b02479a034a5af34ed6e615253664c4df2cdfa846b6db1973ba3c2fa626e0cc4450ca7c68ce6258e16268f16244ee4254ce6274f15a6cd18b2672df933e6bc9992ccc9a2f4f1fcd4a9e2d46963e6940dbea970d25938eecc1f2dcb1b01af567e97de8009ae307dd89a3966cfe66baf96b45173ca883175cc943e61cf9c4478c4684cfdde9485bfbdd2609b6eb04f373ba7daabc7daaa47efd42f4c0d2dc97790add0510836f8033954a3a64bb99d38b1909191e1d56f30251c43b52bc031478d30131c5b6859d4c7d9bb6044d54b016d90b5191ca6eeac43ee5bceeaf942b406d0fa0662a081d1719bc5c24f65689e4563425605b436dc0dab2e6ae6811d52bda4d6a57f52120df3142dcdadaa47ce45cf78fdd20a6b404a9554c21c3e8613807822515389ff06481bc4a5d5d5d999a9feb6c6de5a474f79698f95df1edf67c9ea3367429743b6ac414bfa80517ee7b628bea720beb320bea320a1362dd21e1be6880dab8abdda1a77b53326ac37fc72efcd4bfd5157066e5def8bbbd1177f6320217c28316a303e72282e623c337e32376934257a28217228296628397a38396a24fdd65876fc7861d2983115766bd89c3360ceea2c4ee9c88bbf979fd0539cd25f9ada0f6a8d29c3c694911248f2a83995ef1b95211a2b9eae314ed758607ea61a6dd38d8ee996f2a9f6cad1f6aac99e96270f67395d6750c88dfaff5d8038020a14da2119794973abc22026306832aad43e72e8b444b36a3c0520a571458ffb8d44d60637f24ef4f35fc2d6550ca401343266359afeb581d996102342152a80d4aea8d60d109bd7f5caad64e2289fdc228db6d5c5480fe4a894e789ea284f541615995afd4a58a70e902aa61ae2e952cc7d198aa1e5f5f5c5078bc39d1dbdf5ce9e0a5397bdb0c792dd6bc92640e62cda03733ab4d85f9cd05b107b373bb62d2ba62e3dca127bb934f29c2bfe4a5dc2f5db0937ef865feab878eace85931d6167ee5d3b7feffaa5cef0abddb1117d71d1fdb7a2bb6e5ce90d0f1b4c88ec8f8be88bb9399018d31b17d51373b33bf25a57e4959e98ab7d49d70732a3878b5347ac39bdc6acdb79892de9316de9d1b7b3633b726e75e5dd1a284a1c2a4e1a2c4e1c2e4d1ab3a44fda73b9c45055c22fbaabb34ef16b12cb675aab265b2b87dbaa6686eff14b58c561112145ccbb222a9401a71f537070ab32f581d2b6ca7ff18e5543aa9922197f0951041a651444adeee707acd64d8c0876dd3190000417b6b23638326e3399c485a9ba349b86ea388167336c4fef90e818b1971cd2e86101266851a5d8ff1f40eca586829497cb66be14906b901c10c33e48677848af5c3b1135eb974486604e9ffcfdf7f8605f5f636577a5b9cb51d46dcde9b1e4c0080d20d6a1434903407d85099db9d16d69e14da9e165f1578b6e9e29b876bcf4da09ebd513ae4bc72b4efd597eec8f8ae387aa4f1da93f7ba2f1fce9e68be7eedcbcd61d13319414d71f1bdd137eadef56e440d2adfef8a8bef898aed8c88ec81bcdd72e365d3edb74e94c63d8a9a6aba76e475fea4c8fec2d4c80056a4c0aafbd75a5fed6d5e6b86bb793aef564450de4c70f16c60f1912474ca9fc6d5ec44995c51335a513f5e6c906c75473e5745bf5786bd56847fdc2c4e0caf23300240411188d1b8a4ce01510f8e31872a899d0499211163bc41b1ac1a2028ecf82565fbe5c96a99c7b6244e56aea10456b63aeb66c456ad02b112fc6c568c64008a257b1fb62757d6064c252aa7e2f4c55215ba147dc99bc5f2dddd2d5ac0ae84d8aa8dea098862d2f8c6be12a2da0c8249f55318d6b13e12e8565e4827957914eed10ebe159c2a23b215785cbe055bddc78bebc343339d6df5adf5365eb292beeb6e7755b6984066cd98360c89406ff45bd6647b7a4de684abd698fbe9877e948fac95fe27ffb22fceb4f6feedf93fceda7d93f7e55f8cb0fa5bffd64f9fd17fbc1df9c870ed69e38d276f154e7cdb0ee881b9dd7afddbb7eb52bfc6a4fc495ae88eb77af87b55c385375f248e5f14315c78f941d3f6c3b76c0f4c78fc507bfb59efbadfce649d78dd3e5574f575f3b5b7fe37c6bd4e58ea4eb3d59918379b1fcd20f53fab82367b23c1f5e6cbcaa64bcce34d9e8986a299f6cab1a6bab99ec6d7f7c7f7a756589002984e828747a549a7a6542f42b43a703a47421a3a4295ea53169554327d1f13a75fa7690254d15cbbc58a9832bbaaa4eea05a7e0444c7e0523a4e9c26442b8fe6279ad7f58001293a3c3a8026acd8549a6d4cb439a9d5087547b7a312909c234ab43dd2b61873404a5afd25dbd2ab70840ea141e45e5ea74d626bcca2e2b573796928df5e5d5d5fb0b738377db7aeb9c3dfc2181c22e6b5e8f35b78f216de6802973c098d66748eacc8fbb9d19d59a16e18cba60b874d870e18fdc13bf447cffd9858f76447eb4236dffc745df7f6dfaf107eb4f3fb87efba5fa8f3f6a0e1ea8ffe3b7863f7e6b3c7ca8f1d0b1a623475b8e1db97de258e78573f7ce9f6d3b71a2e1f0a1fac37fd61d395477ec48d5f1c3c6033fa57efb79f4fe3d293fef2b38f6a3f9ccef95978e34dd38d716157627ee7a574af84076cc4851e29835639cdf558dd0bb68acc2305e6b9e6cb44f352300aa1aefa89d1de97af6d743f5e5bd727dea32698a74915c5db5daa069e3e61e492d47507b9b8f218596e566d6148ad345b972df8a69104dc9291c76d6202200adcbc30bfa2f7503637ab6f6fcd98ba19171a7dd219fca1062b429989b090ad35a3f90608c42c8b0bbc626750edc65847a224c50041dda0f5e124cab824c17da15e64847df1d05c99484bb7e5d58396f44b1a5b0c8eb1b8f9f3c1e1be8ee6faaeaabb675979774d9f3bae8c8104a670d42300533a6f5162775e5c57764c7c008d5275c6d4abade9470b5e2fa99926307727ef8b6f0dbafca7efda9f6cf83cdc78edc3d7fbee7cab5de6bd77bc3aef45cbadc1719db1d93d013133f989c3c9a9e3e9e99359196311a73abfffaf5eeab615d61973a2f5f6c3f7fb6f2e451d3d103c623bfba2e1dab8c38e7ba71aafaeaf196c8f3b7e3aedc4b8ee8498f1ecc8b1b410c644de78a94ab70bcbc70bcca30818958b31313f8c9f69ac9aea607b3232b4bcfc5f8e0caf0ffca2a6e758d24a1470d94d82131c982cbdb91912d6d06474facc83b37ad5216b4a98c0559917cedfed43482f298006278a914c590f82c7449be494ff5410dfeda8be74b23c363954e0224a1b83b00925d2dcd66b428ecbf44cafc1740aaaf02af6c35a8a500fbc1aadead413afd964e1ea5a86ba348b1b74799299c692328f3c90d7ab1b99989c13b4dbd758eeef2527a317b6eaf2db7df9aabc220fe2c4149725f51526f71628f21a9af24a5b738a52b37ae2335a239e64af98553f64307cbfe3c5075e88f96e347bb2e5f1c8c8a1c4b4e9d48c9184b4a9bc82d182f314e941a675dce859696b9dafa69a369222905657a6f5eebb91ed61976b1edc2b98673671b2e9f6b8f09bb971ed5997dab233df276f2f53b29d73b33227a726f0de6270c1b52462ce923f6acd1b2dc310054593c5e533a596f9d69724d2100ba533b33d8f1f7e379596b867bc09501197e799dda273da257d11f474045c42282118543a40a283fe01e3ddeb81c6aaa589d45aba3698107559aead03d1d6a1316a55ddea882913b0ca23a375e2cad0e0d8d3badfcbd3059771662d4aa80685a74a991c18e4a37b468496f522ff3eec5b0d31aef9296ab7a07209529fd66c22dca50a90ad51fd338a40648ab9fbbda508aa75f595f7bfcf8d1485f6777bdababc2d85d56d86bcfeb83d8f2facd99fd46d233549a3c589234684a1db6658ff1b1570ea6d9dd79f17733a2dbe26f36ddb85c7be14ce5f1a3b5470eb79e3a7e2fec7c7f64e4705cc2707cd24842d2507ce27042e26856e6b8a178343777383969302aaaf7c6f5ceb04bf7c2ceddbd7ae1f6d5cb776e5eed8c8fe8cf891f34f0db61864ad3060c4036a1bf2861505a1f36a60e5b3386ecd943657923ae82b12ac3789d710273f8960a989ff1ce86c5e9c1a5177f737e435c7059fc9fbad46c0f868f76484787fa139140474183f1d106ff5d113e840c5199ba09e510c7193ae2ae941145bf5b154481cb9e2880de5907dad858c22c6c68cc6260102df646fbe504722aedb985bb02b8c68dc6b2a67e996c6bee89fda36951f4f0449e2b465547fe1d68dc6975488c30ae4715d3e37a1c557feaca795bc8c0112075615c519c9e1aef69a9edacb276398bbb6db93d98549bb37b4bd37b0d343c83a5c943c6e46173da883d9721882b7fd89635509ada53900083d1991e7b3731ba3df27aebe50b6d674fdf397fb6f34a587f78f84054d4404454dfb5eb7d57af0d84870fc6440d3127bc2ffc2600eabd76a5e7e695ded89b7dc9b183d9892386b45163d698357bcc9e336ecb1eb565f1bb108d2943a0d694328cad3573c09ed3e7c81b72168ed6948ed54a04dd5609f3333b74efe99305be86017b23c4c805e21f49295daa5d49084f1c11a61540d88ad6355630501c3a88f0f1569538c47cf586164658d3946881e38f51962d1b124c353a899142590308c79757d7871044179908105cd2cb37ca412a43a729555b957137a354cb285b2d1d89cab59ec97522c17ced14c9976eb18c548853f4dae4625803f355bfa509b7c892016be6a0e855b1ef1c178c1d85d7b3b1fee8af47035db7ef563bee3a0df76c795d96ac6e534657514a6741426f61627f09184a1c32250f5be144f2c69c79a3f61c6874b034b5af38a9a7905f7dda5f90da9b11df1b17d91b1dde7f2b6af8d6ade1b858c8c82d91d85ba37190d81125f1b1a3a9096339a9e3c55913e6bc097b019fd796154c95e541261db9e3f056d6f46173ea20182246fcf5b13e5b768f3d77d0553856631aabb34e34958db7564cdc6b7c343fb6b2fc5c1e31ad2048953895b4d0182121174b56841e6c6404d468801b31f082915b416ab4555a6947ee464d0b32b62a935b35d41475baaa59e66252adbb7eb146f270031d454f102d8d8c4ed98ac5851120f15fe2c25097ea8700a44ffc54f3f462525e0aa81e50f15cf7c33520e7ff018837877eba949743ff059080a80d81a499af4e913b43f2a598ba3970491859751687f8f9cad2f8f8706753754779e93d7b41a725fb5e69eaddc2c47bf95c83ee2988ed2f8e1b2c4d1a32a78fd8b246ec390088095b06723053eba7640e94660e16a50ee5240fe7a48c66a78fa6278fa6264e64a64c64a78e219d1c3f9a123f9e9532999b3659983165299c2937ce549aa72b8d53e5c57ca4ea2a9c76e64f13a09c097bd6982d83001992064a45cce97d968c6e5b76bfab60b8da3852671b6b728eb655cf0cdd7bf6f7a2f6b814b783f2ccbce7099006936e0c081007471b1f774261c4b47bd839ceda8043a835a6dde3cfcc77440ef1748d1e08a1413fd8ae30a401445f26eb40fc68f3f0d8b4c5a062200d1d8ade92d69800f14e335a31a57ba226974123811c695e32b52be1b9ecca3babcf0a087d570342138e11456a0376ac4a5d801490f2728a8ca69c2b7f88841e3e793cdcdf7dafc6d1612fe83065dd2e4ab99d9fd0911f7f2fffd6bddcd89ec2b8fe92e44173fa903573885f499e3562c91cb5658e58b2864d1983c6f481529094d10f294eef2f4c1bc84f1fc84a1dc8481ccc491aca4d1ecc8c1f488f1bcc4e1e2dce1c37654fd8f2f9899f2ad34ca5711af4f0ada0a26967c19443a367dc060b9439ccc770a4a7af34a5a734addb98d66dc9ec7514f45794f45599061bcac6ee353d981b5fd2160f75ff853f5c965c197546b5e923a30d113d973e1a92c01049426941c65f2578978ad624c04542ca40ded532459dab9dc58614316aa855a8c034fd97fa642a3fda3c34366529e5c3d4371aa16045ec8754eade4a424de0df29a3ba2bfe45fc316e135ea1cad401d2ae416c0c7b2957cb6aa598bbbb6abc349132da596a20c484b2988629cbc885f1227131bc53f98181c5078b7d779a6e3b8bdb8d99ed85fc52fadb986de5c5c20e751725428b300383f28b0898de0f9933862d002873c40c4d670e990526ccfc8d59fd25997d85e93db9c93d59718890eea5c676a5c5f664c5f715a40c95668e5ab3c7ed79137058aea21988b300b667cac51f6199b467931e47d6989d61d0880568a600dc5e98c3e2d47b25693d96ccfeb2fcfeca92ee4a536f8373e86ef38385a9d5557ed131fe105b48142d4b7fbc3432c4315143a30d0e8702c1ac5c3ec7410d858cd85b915192617c57896ad8451d5a0e0b60571f588ad4c9d3558b745b1ac712fd480cc49e20641b199fb699edff7af5467eccf78d7c4707bfa683ee0cb5932a85ad82e62dc57a6fd8003fb78656a52be810fb2aaca8ce498e10ad7aacf7520e4931399705d4323c2fcf5d468e42648050031b2252aa61cdb4d2d0d2376ff07dc5c9b1a18e1a474b69566b514a7b41527b5efc9dbcb8bb05f15dc5c93da6b4016bfaa0357dc092d66f4e1d309321da2132c4c4982d0773b4317bfeb8bd70d49a3f5492395898da5790dc9b97d297973650943e6cca1eb3e68e3bf2266069caf2a7800ea48cef374e94e54c38b2810ea21fc4d1630eca883d1badf497a4f696a47495a67499327aacd9fdce82c16ae34083a3bfbdbee74eebdc1402a017d493e247b4a35871ab4db4882cc9e7bc8903a2441f25dc96927647361c3724b4bb9dba90a33cc42d73a84ab746d429621704204dd4b44bf36562870420646ce08e1d1e9db418618114406e17a6dc99f26b8a21dd6d692247d124df56595d56a642eb9f749abda1882fd3fbfdf67475196ffbed1e02b9867707458349bd5aa45f95145039da38ca80d237afaf3d7af2a8a7a3b5c95ad85898da9c97d89e9f78273ff15e615277710acc40bf257d901fb6c2f41e414feaa01953a4b4110446d64cc82826f96585134e03dc13c21a84c6e3d6fc3147c1b8a368c2619870964c39f93d68f05934397458f9d37ce7306712e894819ebcb1b21c08f09a28c3742f67a42c77d096d567ce00bb9da5e95da6ac1e5b4e9faba8bfcad2d7543ededff17071f6d9d3a7fcfd53f5078a783f0828a236c64448ab1848012423a02e5cd918f718ba07d96d7bf47cf106ea90e450add8c5b9a851a94f76b1a5e5e30853770836841ee69021263480500421dbe0e894b1440ba2a58ab7dca81ca4a5a5771a66b7b41c3646c725bbd2bc1216c655314df563abec138b6915f2e23928b43d724b2923e476e43c9165b82b96460aa390d4a606548423c06be69dc109c2d317cffbbbef3695199b8c394d8569adf9c9b043770a93eec1020120bab08c417306bc1818e214c92c336d4cb92d19a3b69c71d81257f15445e94c9599dfac5b0531f2edc41acb6c0dbff2876fe6571966ca0b27f86a6c2e821e782e981f0034c6f71e6978c691e3cc1f2bcb1b2ecb192ccbe9b7e5c0f0749a323b313774e4f554187aaacd9d0dce89817b4b2ffe825210fda0e7e2891906a991a1b61431b2abe57040d40dc3ab66be36801867a6f5f17fe7e1a33ef2daa86a1ac12e0fa926d4210841d1065613c95100a13f1c610a2dd0fad2dadad0e894a9d40217a6591da8f6158368e146b33aaa799a1f1c458db85d70320ab0730213f2c56c4a2fb50b402f79199290ae003e15cdb10032d16f748217cccb962bd72c10470409018817277ce883a855c83a798faa4c7591bcb08db5674b4b3d77ef34580dcd968226632eed50614a6b41f2edc2a44e434a2fbc98250d9110665e904163ea107c99acd6d085d9a1787e470cbf61a846be9ea1c13e5767e387cb1af821d7fb75f6f95a7ea9d94c050c12ddd624c4993be9cc9b901f640540900957ceb80bd60800e50e3872fa1cf9ddb6bc4e73568739b3c39a7bd765e8a83476d45827fbef2ebf788a8b9047a7a217b9db1539bc6a7d87fbee847b28b40b47e22d19dae04802995c07115c741d491994174f2769edd69553de8a540852b5c1177474ff25bf198d1e631636825998b24088a35fbd263e340fd84ac4a3cc929024ba7ff30a1e71e9c5326e15014833453c4580139fa54842f3eac1aaf44cdc8d663f881d8a09010448e8d16e1df7c50879181a01e89d215397c73ad53d210558066935fccf9796faee75d49af2eb8d590d96bcfad2acc6e2b4e6826498a23b85c95d2529bde6940153ea00ac1100b2c002a5f2f37b70641604bfb953e505d3158699ead2f95af50b1b7670c36ff968b0f31339fc649965ae9a5fb4002f066e20089fa75dc0ae70c295af309a70e68cb972e1bf86ca72fbedb9ddb69c7bd69cdba6ac96d2cc66636eabb5a0cd9edf51699e19ea5a5e7ace9ef3a105bc980610ff875073efec3285819051111d6b83e01e1624b0d5e2488e92a284032b0ca991671aa3acf24578bbb2129e2e272a0fa8dd96d213f4430788a463bec227be2b6b1b98c69b0d9c8551fdf273e2d4bd08db5358d0afe9bbfcf405aa474b52524e548768c01440e449d958685adc1345baa8f54f2e4fcbc4e57004748078fd52865b2986de2ba38d34ca309344aab1a36316c278858c2178738c0cf6d59af3cb73e3ab0d6975c6ac7a434663414a735e32ec504771727769721f25a5bf3465d04480b8426d491fb165c2f54c95174e571af8033fd5c6b95af3bcfccec642033f8cb1c06ffcb02cd498e6aa0cb328c3851fa093cf37ea2b8a70e2447901446c4ff66859ce109c9723bbdb9ad361ca82b49ab21b4bb3eb4bb31b4bb25a8d999d95c6f9d15e84cfe8b4fc84a52c0269b8a848485d1a9d85ae45e223f7982cfc701c640cd520733031b6ca376909a526196ddeedfa1dcea19684f221ff0f40dafda944baa53a864093987321113d5c5a151766e0a732080a50e0e2b27bbaaecfc2f45de5d1b8ab3ff49092da51da21e58cf9963ff5ba267703fa844cd5399e82849235f9c50cb9f2b700a9535840568fe4c477015208e282d528cbb0722bbbca0dacaf4f4e8ed7598bed2991651931c4a820a5363fb53e2fa9313fa9ad30f95e494a37e6d525c97d86a48112ccc55287aca467cc018072265d055395c5d3d525304233fcf804bf6a08325b679ead31cd831e1caa0431fc44987cc42c77b2bc60aaa26012e647009a1080861dd903f69c2e6b36dc567b69561b02b2d2ecba928cfae294c6e2d4b6d28cae8ad285b1ff7f80a82f2a4ef427b7879ae73281ebc55070d54701248738ec326ebc75a90be8510388c468476584317a1c6aa5a9b7472938c491a46a365ed2c2a02f32bc2aee91719687a9ee0f16aa18a8c48c59187f8c9e26440fa249890084c664fb5f2286873029a899235bbd1f9c6da36d285b138d1b9461422e80519e1b1195a9175309193b7554dd1fbc45dcbbea9e90db8277866c958dddd8989e9eaeb3965813c3ad8937ad0937ca52a35dd90995b989b5b9898d05c9edc5c908a8bb8b93f8641e76c8943260cdc07c7b94d3ef2cf8a089f2a2a92ac36455096406c4d459a76b4c939506c84c156667857073c065ca55803048e2654eb8c61153d38bd1028d62f2e560e07cd79cdd6ecc6c29c980d5a9294aafcc8dafcb8b6b3524df366574579bef4f0d2eaff01b9f400f442d248219eda2dca201447a30389c574b02c20b67be1a647513aa153bde814cb398ae082d47007aadd5c05d197f14e3aff4a33534b1b6f1fcf9b365fe8a12b420ab88a4470d2f79520b89407e606caac420afb4ca37be62322f227068e68764a061058dc68d78567548dc96da954e0819d4b1f45811867c618bdcb0d34cb38c9ea0a87c5c8f5860657ee46ea0287a386a720bbeb53a62761449e29b79e8e5cb99a9e97a4b892de1a63dee9a393aac34e68a29e1862d3da63c3ba10676a820a91d01755172b721b9d798d26b4cee37a7c90780f819a0513b26e4f993aec2894ac398ab68a2bc1853b0898a92617b3e629a3167de98234fa061e8038cc69dc02567d4913de6c8053dc81f75e60e3bf3faecb9f78c596da5994d868cdac2d4aafc948aecf8aa8ca886ecd8b6c2a4bbe6ccc1c6b2470b132babfcd94ab85d0590786188581db964284a66f21c0d214959206d406428545a58911156a0a85115a5a88175ab4c25b47c8a5615d1945b1a00ad2f3d7fbabcfc4270a1c94197d00d8eb0840a109c04ce0646a70b8bcc7461af6184b81efd86b5ebac082ed29ebeab5e37d3c07ac77fb1d8ff57d6773044956cddcecff946a1730494203a3a338e93748233e61c109124394725a8806016c398454ce428399a80ce803aea9dfb7ec35b6bd7699def3d6fdd9eeaea3ae754ed5a7bedb5eb9c6e040aa8734c78fbaf50289f32b6011cff8b783874e55e129bde6b0f34aa69f384645a65cd207494f96847e50d849132ae9a183e9d9e9a6abad4d05894d608006525d467c6d7641caacb493c579c79a5a2e0d6c9e2e69ae2d6ba928e86e2ae7a1484b3b27ee4f6172bfa2f1c1b387f6cf8227f086ce4eaa941f90ae2e8d59ae1c653cf2e5681a89e21d5bf5c3daa6188d9d6c8d56a3ea4010253f768217d1aab7a2f57779cab7c5c7ffc5e1da173adb2f0dab1bc1bc7b2ef56643da8ce795c53847c7ef8f175efecb43c7f284fb032131357f81780043d6a82622855fe6d3dbc27323ea1818dfca719508a2c10cd2fff822da8289f97a3b4a2de5200f18fd2bf7ba3eae299e29c323c4917b90880d4c0e8547dc325a4f1ea4ff5685f700e920d410310088b6800928d222d6069c84045eb267589bb3c56bc21c84faca8d7e088f92a374465e86ace228de5ade66d389688a1d9682bf52967c2a26c2d851f6162e2c100d0e4e4834b0d574a331a0bd3ce671fa9cb8cab3ebabf2a79ef89f483a70b522f1fcbbd5d5df8f054510b6fb51676d41677511595769f011b95839390a30d5c38decf6789d4ddb172a46c83e78f0d5ca8907bb1b2ebc81bb1544e805df7f9f29ef3e5cf2e550e3656f75fa9eabe54d57aa6e2616de9dd9345d72af32f9567379664fd559679e778ce83aa9ce653798f4e97b49eaf1c7c74dd33f79cf75021298823de0ba3d41000b188113e15b58ab484367d1662480cc8bac81ab68bdd586052b5289ae5697c051ad2bc5482e10f45595ecec6df61952f51b38f981a45a848e92115c2d061686cea2c77a2e5af6f8834167c102b086402205e9e88d17ed55c5a0820edaa6a2832b22050a4aee045f4048745140621af1dc28ff8296781b7d48662209e5c338d584426c09368e9a56653b135fc562bf2936f68ff303136d674a1fe6a71c6e5fcd47359874fa7c79d48d95b95b4f3d891edc793f7d666255c2e4dbf5399df5c5df8a43abfe554615b6d717b5d51475d71675d51676d41f7e962fefd7940aabea4bda6b0bda6a0afa174e0dcb1fe33e53d0dc5fd678b91bbc9d611631fa26173751e32bbbe0bc7fa2e54769faf6839530ea575ab32ff5a691644d885c2d4ab4547ef1ccb68aacc6eaac8ba5f9dd75c5bdc72eef8f0d31b3ecf2b442ec62f6eab28f4e0fff06f04074e53ad16d68acb254ea480a54c21e6a295d88115da560e0486f829de6ab010af661183070fe442b08e536beba2089e40910ba9fb186c914b938a686841125aa08106c7a6ce9dbfacf6813eed1faad8a4c0a402966a0fc28b00d2c0a1f8464626c3553052002244b4271b650e32443910e55f73e0943831a1448c1575f5961ffddb8eca709f00a4d0433655d0810b3339c069c7c7c79a2e9ebe569276b920e55cf6e1faa3076a5377d766c755a6ee298bdf76fcc8ce5319072f15a5dea9c879509dffb03aff7155de93aa9ca7d5b9282dd5b96d27f3809b8ebac2b69ac2c79539ad27f320b77b4e177791b1f2ba6a0bf8686c5d51efe9c2ced3850f4fe63f3959d875a6acfbecb18efad2a7b5c5f74f14dc38967bb938ed7c6ed2859cc42bf929b78a539b8e65361dcfbc5b96fea022fbf1a9a2b6b3e5a32d377ceed7f30b0bfe806f61014a88ebc1697085305f6d6e5c286dbe0a280a3d5c5d16ad516564b427114013d18e822131a8d89cd6d66c8ebab08b808c1dd447ea28795658cecf33681752525a40c3e111d572377e74f2ec79de0b236e081145422412fe801effaa945c1b2d841711a66188314b240e3926080ba970d0d21f2d9f24b60c545807f5e05b16cc9c2d9c00dd2b881bbc4a764a7b61d0ef1695bee4fc3119340a7a8475de220b96e7cf1907f0f6c3bbb1f191a68b75d7cbd2af16a75dcc493c7b747f7dcaeebaf4fd95c9bbca0e6d2d8bdb5c16bff544ca9e0bf9897f9567dd399673ff58d6fdf28ca6f28c07c7329b2bb21e566603374faa72d958960e54b5d7e4b79d04bcd0980d7875f0f990bcb613792d27729f9cc86fa9296aad2d6aa9290415dd3e9e7da538ed5c6e52437602b0db987be45641cafdd2b4a6f2ec3ba599f7cad29f54e7b4d614b49f290303b95e4f79dcb37ebf973f6029cf48a0286fa1c3b0283f6145f220ce5dcabb771ff88770d90203698851e0a02515020443c14696605dec2f3eafe2807c24fde5540a349fa1c361e09c722d62481e9ec15590c63f1b99387be622d3780248dbddd1084680a285305975f948f809e0e0b5ff0520f91e19e022a3c1c24b7fed2d7a52cab0c2c66007356eb6abb7da880920f58a7656602f1897b41e2421410f1103e8fcbdf8e6ef8537ef1658e1eb9b37efdf8d8d0e359dafbd599a7ea324ed4a6ee2c58c836753f7d625ed3c91b8fd58bc00286e53f9a14d5589bbeb32e22fe4250167378a336e15a7df2ac9b85d9a7ebb34ed6e493aca8d82d41b8529774b339a8f653e389e71a734ed7e59daa363190fcbd31f1e6363535966d3b1aca68a9cfb15d9b7cb33ae15a59ecf3d02cd5e9716772633fe72ee911b0549f74a52d1f3e1b19ca6d2ac4715596da7f2da6af2db1bca069aafbd9a1e71bb5e2d2cf8a08416652b9a2548b7b08638bdc2935a42fa987ca400c43e28b089ea2f3880e711404cf55934a609f6a4cdb19a1a63614d892139908bc8ba32f2ffc33daa51c64312c2203112d0a600881a28c82e82158d8d34e810468a7282457e915e2915e92034a37516b868e5ad244a1ca28c981320681462545d149f1afdbf1234be2ae8a8ca270f5066a25e16ca79a74023007a3bbff82ef0e6dd3cd8686c68a0f9ec29e0e07671eaf5dc238dd9f1e7d3f69f49dd733a65d789c41d15095b8fc76f3e767053f9c1ade5f1db2b1377d6a61e389795702937a9312fa5b120e5725e5223eab9898d398997735049be9e9f7aad20052dd7f28edcc84fbc864a7ee2f582a46bf9c9d70a92af16a65c2a48399b95703aed40edd17d75470f3464c45fce017a92ef2078956700372dc7b39f1ecf6cadce6e3fc510d9565fda7fbf71e6f968c0ef597c1340cab3885c5eddd110b84882290ba62a3271a125b61046aad01a5c63ed95e6122bb1221061a332bed85ffa10405a7ff010564d2d8a5a3e741600c97aa9a2ae88855000822763a868e1e31ca353e72f5c0ffec54286270d3702298d6cf856b5043b102584b506a06091d140f7043184696032d28d435416e15805259f2ac2a5ffbba8e9d17bd41ce0911437523019a12490105318cc427e77eaedfc9bb781376f028befe64706fa9acf9eb85376f47649eacdbce46bd90997320e9e4fdb77f6e89efae45d35893b4e1cde5279684bc5a12de58736971df8a37cff26d42b8f6c3f91bcbbe6e8c1ba349403c0417dca8106e1923399878189fa8cb833e9071b320ed6a6c7d51e3d7826fd40433abbd5a41da84edd579db4e764f2eefaa3fbcf651eba949300a8dd294c6e2a4d7b5891fd1442aa32b3ad32abad3ab7f5643e44554b7d490ff781261617e717de2c2c2cce338ae19f486959278d7504255cb64f88a1520cbe5510115b29936a6fc5f2aa11f614cffcdc47b3b05657e891125c08f4948a1cc2b3c915e9cf8a84148044030d8f3f3f7fe1c6a7bbf1021475cb424848ee6ca0a230a40024405170f95fe861c158e59588d11a093579abfd42b4384d70c418abfaa751d4e776cd63822c4d232a6b721afc2f3c006c0f97050941200903013d8bfec5b7f323830050f59db2b43b2569b70b536ee41db99a197739e3c085f4bde752f79c49da5d070c256cad4ad85219bfe538a868ffc692bdbfe6effe396fd7fac27d7f941fdc742c6e53d9812de50737571cde86f4ad2a69174ac5919d5520b0c49de5093b8ec56fab8adf5a9db8ade2c88ee387b781d54ea5ec3a93beff42e6a146a227e1567e4253711282dde38a9ca7c7735a2ab3dbaa725bab209bf25a4ee63d3953fef4e1cdc9e9b185c5c0e29b85f9850031245980d08c7218cddd8390c22a9281b89cca2652576e268b4da3093210dee05e38428b5f5aa36661d6e9d51a62d4d9249e08d4d4a9a49b0048438fd60dc081e9314e0c60f1eff74363d367cf5da1060a0225b8f68082e21bc1905667bbeaf0ef82a3146f696b1feca3c04400a9465e1e83e010a57c42ba1435be605d8ad6287891823a988f86e3f3870220323f42183c186be05b7ce37ffbf7e2e8505ff399eabb6519f7504a526e1726fd9573f85ad6a1c6cc8397d2f75f048c8eeeae4bda7e32711b6184e53fb4e9d8fe8da5bb7fcddfb93e67db8fb9db7ec8dffe53eed61ff277fc58b8677dd1bedf8b0ffc51bc7f63f1dedf8bf7a36c2cdaf36bc9ae5f8eedfde544eace539971088b088ee7330e5cce3e7425e7f05f10cef947ee17263e2c4d7d749c52e97e69fae3e3a01f8aeed69348eb729f5cac7ed8fee4e9e0d0d0f8b0c73b0b18cd13406420a58428f8881b493255215cd4dcf12a1fa1028b7181d51a6b36c4a1b4caa2fc28a7665e81822a78cb751153d3e09f8ab610281a81a9faa703e52a28180c731a8aa1f7086167ce328d0744207d181d05891a0214f7e0ec9f01211d3056b6286c09e5a04807547861d6ffc33e9c151c81777044c4b0a7221d4e49002e0e4449a45a8213087a86504e90c351a7ae121f65790bedbcf86e61f16d60f1ad7f71d1f7e6adff9567aea5e5d1ddbae3c89cef1fcbb8579a7aaf38e57641d2cddc84abd9f15732e3ae64ecbb9cbee76cea9eba94dda712779e3c8288b6ad2a6e4be5c1cda0a2e2ddeb0b77fc8492bfed8782ed3f14ecf8b160e7cf85bb3714edde50bcfb97b2bd1bcbf7fc7a7cef86aa7dbf9e3ab8b13e63ff99bcc3678eeeb99871e04a4efcf5bcc3d773136ee61ebe5790f0b038f96979dad38af4fbc729c55a2ab23a4fe4b49dc86dafcd6fad2b7c7aedf493feeef38fdb73cb4aeeddbde6e36f6842c74109890c4220c3dc24d909be5524c4964fa6a04959d7d695e612a32de25f20c09fc8c459e887b421cc2b742edd0835b6702995a9650559ffe4dbaa85cbc7a3d082e503a7710c410dc47d20a4f1672f4a0893e5574514cf274222448285cb2c081308ab4f3566d2a295801ad7fedc22c3e5dff9957170580a1f1c1c2951312dd1237363056f59a778fc40629747d8045e411829538a0642085b7c0b0ccdbf7bb7f0c23573e2fcd9533515f7ce573f3891df549e76bfe4e8bde2a3770b936fe727dcc84db89e7df83a30948970b6ffccd17da753f640129d3ab2f5e4e16d2791dbc76faa8cfbe3f881dfcbf7fd727cdfaf95fb7faf3a80f25be581df2be3369d88df5673684beda13f4ec7ff792e61f3c5c4ed178feeb994beb7316ddf958c83d7b2e26ee61cba95177f07c1ab20f1517172ebb1b4d6e399cdc7331f94a5b556e4749cc8ed3c95db555fd8d250f2e0c6b9d6f1e11bfd43db0e25ecdabdb9b9f92fe401581bfe890a8521cc4d88e7138010fd2596d18c983e21a568490c454e52c6c14ae358effca227001e526b414c8855959d551d6d5c0b8807e5f6388fac0e8bf4e7a9d49e503084a12ed29343c25ae02d0074e60c7f2351e0a2fdd91fdec6922f19ca2e0e894469238197464eda9558d778086fc94f1c8ae0491b8af454c8958fd8a20145ded21c02179995cc8713e05b49bbded3a21830ba29c369053300fd88adf9574016df7d78fbdaebae3c7fe1b7cdbfd5d596f4773f7974e9f4bdd2b4a6326088bf6677b720f14efe915b7989a0a2ebd9718d19072ea6ed3f7774efe9e49d7589db4e276cad4fd85c9fb8f9f4912d3587fe3c7568e3e984cd678fec3a97b4f36cd2d6b389dbce26ef3a9fbae762caaecbc9dbafa4ecb896baeb7afa9eebe9fbaea51fb89e79e0afac0337b30edec98dbf9b9f70bfe0c88382a447c5292d005045664b55665b5536e473c7a9bcced3dce67e545f7afb7663fb8b17ad2fe6124b2b62bf59b36bcf1f8f9edc8533c06e980c660cf6f8c4465ae1bd0e220645c0247011c34a1dc09235464122ea5f7883ac9436975550d66645a0400a9095e2320917a84f196a58573e2f7e2e66e799c5dbc5f26a3c002d7c7860040002030140021114fc57f0a4648d1689549d9741ec1110906054a32a6aa0821b19dca716167579563e8f958d1cab3644e68ee424e9a34d40a36865359886a317aba185050092bf22b388e0eb7fb7507ffbd6b7bffeb6e1c755776f9f7be599ed68797cbbbae85e297f16083c74bf28f55e51d2dd8223770b126ee7c6ff951577352bee62fa7ec8ea7389bbce27ee389fb4e37cf28e73c9dbcf256e3b97b8f562d2ce2b297bafa6edbb9abef75afadeeb69fb50fecad87b2b6dcfcd8cbd3732f6ddc83a80f25766dc8dac43b7b2e3efe4c4dfcf8b6f2a48682a4c6a2e4a7d529ada5a91de569ddd7132a7e314d053d0555bd85d5fd45957dc7caefade93e6ce5957a7cb7ff2d683751bffb487db77ecfef36ed35f81c579242b080f0b6fdf00409c9d148249e149ac11049090b4d4450f492396990a1a865250101cd0989a55c53961f9e00209d9485d2d8dd43f2f04ae2244c5dbabe41e5e5d541a4e0f8442039d3d77150c4488f06eb96048c0a4e14320a264975c09454885fdd9f8f1dd7b487751efb8f6fb7f0148291dd665949f51af26a00148235e09e432134e9513c0840525ca2eca460a40021d9172f4cb37fff9cfc7b7ff7cbcdfd5f9cbeeddd630fbc13dbfb57734bf9e0f0c4c4e3ebc7dfd7665de7d60883f4f96f6a034b5a92809f1e57efe913b102b390957a1acd3f637a6ec694cddd3887894b2fb62ea4ebc5e4ad9752575f7b5d43d37d3f6dfcc8ebb9d73f06e164adcddec83f7b2e2eea0252bee5676dccdec83249eacf87b3909f7f3121ee41d6ece3ff2b028e571c9d1d6b2b4f6aa8c76de15c927f7d414f69c2eea6d28ea3853f2f8f6a5a7c3239db3def639dfed6763fb52331ccbc26d61e6dfb6fc5673eef4e8d49832cec29b3728c40d7c042fe02401905a3f658a208018bf344b6a5811337e0290b4cbf229c47c5e94604fb5b8d22e7534ca09e5287463785d0c02885b7058173e13cd2c2c082021158d6ffe3f00a98597570526b40892e4aa4112522360bb0c2b08206df40cba384a6605c4c8dc549c9219caa7c103f12a4611d31049183af74818b6c488a07a1cf5f1bfffb81617fe7af26457626278d4f2f0085b5e76fcb3a1dee73edfc8ec5cdff8f8e3bb37ee57173495a436971d6d2e4fe76b716a7351f27db051fe1108deeb9907afa5efbb9eb10ff1e8cad1bd578eee6e3cbaf7ea5150cedebfd2f6deca38006ab99b77a82937be29f7f0fdbcc3c0cabdecf87bd9717773e2eee41eba9b1d7f3f3bfe41eee1660028ff48737ed26304afd2d4f663e91dd5596da7e42b69b5f9dda70bfbce14f7d4e7b75dae6ae97ad2fe6ab6edb5bb6dc6dbf6da93537b26e69b6f0d16a339c211fbfdb7c939690fdb1e05e6fd1f3f7ec452098cb0740220f2908a200c1faa906f8496505140792ba8425dccc82446b57309b4c20562854bc3bc84cb8446b57cd2878bf2a93f17257895cf00c2d5c140d367cf34aa475a157a34d068bbcf5a017908745814c26404020e5470798e40618815360a61aa0e60291984dad4614500a4a252707c9f01c4b79cb31a2e41f36f2d493b72cb8d13fbf8716276aefaf2959fb66d774645d89db6e828677545d6c8f4c8a407009a1df7b8869e3f6f7f70a7b9a6b4b9fce8a363698f2b321e1f4f7f547eb4b934a5a924f15e61e2ad9cf81b59076f66b2fc95b15f0a044ddc2d504b36644ddc3d04a6bcc3aadc23800edf03e5641dbc9f73e87eeee1a69c0400eb415e42735e627351e2a3a294a725a96de5473baa32ba10b9ea0adb6b0b219cbb1b8abbeb0b3ace15b7355f6f9f18ef7ced6a7de56a9ff576b9e711cfd6fcb64967365996398d110e5bccf23f766fbe7cedc2ab99176267a122babf6c353290050df219405258094634290a040a3d6261e5aec2f452b47651d328c130c295659de0031049366ad5d469d5d5092015c20440f2fcd767c4a0fc47a91f21279e97cb2f14c24727d565347c68a3110c89b897d1a846612f22499b4c7028ac8b976813d3eaea23360a565858113540dc2829297a7cf1c3fbeeb1c9cc63952b7ff8d112eeb485db2d766b6cb4b3e174f1c8cb89319767647666dc353be9718fbf7ed5d3d1f2e4fc894795994f8ea7b7e0b532e35179dac3d294072529f70a936ee71ebe93730874721bb1291b112afe0e52f1bcf8fb05879b0a91521d117c203c2534e51fbe0f2aca39f420371e018bed609dc2c48705490f0b93c13d4fca8eb61d4fefa8ccec3a95d3535fd0d550d45a57d0595fd85157f4b4a1b4bde96ad7f850e7cc5ce76b77fb6b77c7acb7d315b8d43df2cbbe049dd5627258cce10e63b8d314eef8faa7b5f9a5793dcfbae6f95ce9072c18794862191ff48215600d05208d18341282b9b8e4c1761a5319564395581eeb4883b3ae96898d52b89a6af9648d14226970011fcfc01fe51000f1955958c3994b5f00135a1413766111598d13c95b424a4ecd226c14848840558d43b50759e77f8d491419fb2bb8a8a246c640cbb70273d5c212348a805da18796116cbd79fff76b9fef7e67f781f49c88955f599c36a2c761335acc2b57449c3f5731fa727264d635323333363737363b37e9764fba5ccf06fa5aaed43faece6ea9cc68abca028c4045cd255045c9f7a18a0a0edfcb8fbf8b90947be85e6efcbdfc840785890f8a129b8ba188931f16263e2e4a7884b7682c38f230fff0c382848745903b49a09c27c5294f4b539e96a53e2d4d43e6d55195de7d32bba7aea0ef6c716743d1a313396db5f9ed172a5b9b6f754d8cf7ba3d5d33408f87009af174ccfa6e0ebfd89a9a6d0c731a6d26a3cd6276d84c4ebbce6eb52d0fdbb16ffbd59b975fbc7e2e9367eca029082315cea86a611f588905166345a4aef4a76d452a61fd695e262a5829d890d696e5c35bf16d6dedb82eaa5dd5091a8547790bda47410b2e2d21ecddc0e8443db230a224189b54e1a951e186e1a7244bce2ba4aa4144ab6b17633d5851a8222054bb3a962d5a6729323dc18486eba0df20b8a24e1bc9ae392c22c07ae75f5c7c3e37dbdcdd5d70f2e4faad5bc2a2a32c4ebbd56933dbad06ab596fd4ad5a1976e962f5c4ebe9f139cfe8ecdcd89c0b65dce59af4baa77c9ee189d1b6bb571fd516b55667b59fc8693d91fdf858fac3d2a30f8b53107dc0344df928871f141e7e509cd85c92f2a824e97149f2e392942725c94fcb0891c725a9a099c785c98f8a93d9c8829875b4a52cb5a5fc681bd19385c8d55d93cf5f243a5782b4eb694d416be3899eae87bdaf5ef47a7c5d73def657ae36c4af190f35d0acefc6e8abad6905fab008bdc5acb79a8d56a3d16131daad7ae0c9615ef3dd57d905192d1d4f5d1eb7a264e5514a622f1049dc0d4311d329244138923cd859abcb425033481423a2d4d2688b12048d842d69140766510bc446b211e188ffabcba92cace1cce52fb8acd4d07c66562d364ea4a013a49f60bbd2cebc12de1240c22e88290c2b0264198a0c42bb367a6a750d58c191491f0ee81374a89465da82217c80ce1fdefb1717265fbf7ad8d9517bf1fcd1dc9c5fb76e5dbe32d6ea006e6c26f8abdd62b418f56683ce18ba6a0500747262e6c5b8db03fa2174dceef139f7a4db35edf7be980f8cbc7ad9def208e1acf5546efbc99cd6caaca7c7321e431e95243f2c4e02a33c2c4e7c549af4a82cf949694a4b796a4bd9d1d6729434042614a0a4b5ec285e5bcad2f0514b19f432e827157dda2bd23baa323b811e645b678a413f28dde78f75dcbed0d3dfd9ff7aa6cfedef76fb3a673d90cf60a08ed7deb619dfd359ffe5e1179b52738c6161069b556fb5ea2d463883c16a019e42cd469dc9e0581eb6e1cf0d85e5054f0123af8be6fdfb3dbc0b00021b2df0e9653e0da27848f9210ba1a6ac0aff548efaaf45e1027145180c7198b616ffeac012041cea413c91fce4ba582960776064eaccb92b5ff0d63af32cd1bf52345dac70234c034469c18b418a15d581b020b805d4925571861c8d8424b6abf1e1f2740b34627a8b9c2adfca3c995cc8fc1521e30a88a1fff1bf793bf6f245535b4b557d43fcd1d45f36fdb1e6dbd551d1917687dd6431596c56b3cd0697d5990d7a933ed4a40f3184c6c6845fb878721c007279857bdc1373ee09bc228a79bcd37edf8bf9f909b7a77fa0afe3c605fefcd489ecb613d9add5994f8f1f7d5c9acc722ced694546cbb1f4b663e9edc733904cb51fcf6cafcc6aafc80044da8f1f6d3f9ede5ec98f5a8fa7b555a4c9db8cceeaccce93395db579448f3c55dd7bbeb4f7daa967adf786a6c7fb675dfd6e5fef9c0fa28705910b009af14044b7cef92f0d4c6f4cce34381dc00da4b4cea4c76b288b596fb61850b118f436735864c42f7f6c28ab2c6eed6a7d31f3dabf382f20e08f1f28302985a870037b0a7f336f550b2f6b11a49f4f756291d14e838bb6400a3772088ec5a7aa3fdfbe0f2c2cfae7e721ea858110c2267933558002dc68a247de069946710c250e5949719d4680686267756a69415dfa085c087f8e2c38077693d10809abf0c468aa0ae9e6c3878ffffcf7cdfb0fcfddee475d9d27cf9e399c76f4972d7fae58b3da1e1666b4984c5683d96ab6582c26484eab1905d92fa0a333ea428cfaa57a5d4c74d899f3d563af9e8f3184b9009d719787c5e399f07a27bd9e699fefe5c2c2742030323edef3e0565b7d69db0984b3ecb6aacc9663422d15196d9599ed15590846c8c3dbabb33be42f16749dc8264a4e64759dccc66b27c8a63a0b8d78db05e8d4e475d715f43614f63594f0af733456f7355f1b18ec1999793de40df4cf79fbe6dc3d739ece394f170aa0f3dadd09180152aec0e5fec9df0fa7e96d7660456f0295ea438d8610035d426f32a111da0884146a308065a36223376efe3329fd6855edc9bb4d770747875c7e0f6cfee13fff20dba548e29d1de6fd6a475bf024e25a96ff3320d4724862f47975b8580a46d2410ec4ba2814cade1bceaf31103e01ed0d8c2800315af1993281093843d8450188382586829bdcbc242bbcbc761b05684511dca08f543820edc23214852115a10920c53a2aa10038ff23bf2fe39a9fef1919bd74eb564649d1c61ddb62d77c650b730222b0a9c96c305b4c669bd560b3c1a62076b08e91afb0b52e541f1a6ad087e87591cb6c7575a523cf9185794767dde36ef784c733e6f24d787ce31e00c83be5f54efb10cbe69f0716c65ebeec6f7bd47ef1446b55665b65467b55160a90d45e9509e8749ccceea8e1bdcfce9a829eda82de3abce675d71640df74032e35b93da7727b5061637e776d614f5d11faf435140fdea81fea7c38fc7c72cceb1bf1cd0fb87dcf663d3d33aeee597797cbd3350b0079811e96397fc75ce042f7e8af0713f5561b26a937725ea146b269288a9160422362b4c96a820be98c06cc149a2f3236eac7f5dfef8bdb537cbcf8daedebbd03bd33ae1950fbc77ffe019a60d805c088d10d76e6c22b9b130d7c4b47e6d29008043def847b08a0209814ec88366d1d95a8e00a4ad0808806033d1b996c08de8d97cd43893822aa846cc840c04490872442e1327cab80a53497d2400a400a491cc4bfb0aca083f029dc83984d1106be91af322efefdf7d4cc6c537b7b59cda95df171dffcfcbd6379b801e080e92ca0198bb8a0012d069389242ff6d51b605b9d5ea1471f1a620c0dd1874638cd272b7386a747c7ddbed139f728049007f403f400435e9429af0f007a2eb16c7a7e61d2ed197cd6dd7ee5744b553622116f3bd4c89d879adcb69adc9653791dc04d7d616f3d37917bcf14f59c2eea01564e17769fceefa9cb53a5bb2eaf1795da82fe0bc7071f5c191eea199d9d1df50746fc81418f1f00ea77797b5c1e305037486816c5db35e7eb9c83a0f6b5cd056a9ff6afdbb10f318ba247f02113d4c11f96625ea022834e670cd19b75602083c5048f3298e136a15f867ea933e9c222c3d6feb876d7fe5df9a5f997ffbad43bd03deb9983d941e6d0255872c1107701f857a458951c4a6142e29de043164b8189124a430f8be049152c9b0091dc83ce0b6fffee1d9ea8397d964f2432f91295a3fd0a985682114dc0a1a8881581aa34b2853df9290fe1a7842fae47242a442bd07026388e7ccb67d3a081667cbeaee1a10bb76ea515166ed8bc393c264a8f780f3f341b4da06e33b847581d4e6936849a50e0913a94a5861038a85eafd389a7023a0a404e87b1a22c7d687264c2e31f99738dba3c6312bc001dd00f780800027a0820bfff4520f09c54e41f191be9bc79b9b5a6b0fd4456475d5e7b7d515b5de1d393054f4fe477d57107b9b7a118e8e93b5fd277b6b4172aa7bea8a7bea0b7bea0ef745e6f2d78281b6ffbafd50c773e187d3935eaf58d79fda35eefb0cf3fe80bf47bfcbd10401e14c0c88b28d63987575f87bcb6ce05caeeb4c6feba6529fc8500025c3023a02714111900121ed291903071e0c6a8834842a6060cc1a38c56e0c9a403c2cc06fb72fbd7dfafd979607b4965d19d0777c726c7fdf301e008d4806592ac0d821bb1475236c10dd0402808983ea3041db43a32b8cf1f118514cf0a40141c81377f770e8c9caca9e71f5bd1522dca1a513f0a52ac08c7688424f810de630bb947839ab4073f927b0e02672dbd7c83ffe1689ef33f0befdecd783dcfc6466f3637979e3ab93deee0aa756b6da00e8b11414ac91a10b5ce48dc40dce84d28a8d035613e9892ae690c615d4f2a02988827a22ad46a331417240f8c0d4e790323b3738862636ecfb897b899c0abcf3fe5f3414a43033d0fccbf9c9f7f31ef07805e209c3d7fdef3e87ec7f9cab6dafc96d384cee3aafcf61aa0a788f954035ffbf9ab78a5c013e254df1980a9b8af1eb12cbb1b6fef5d181dee1975cf8df87c63281e2f60344200f9fbbd816790416e7f9fc7d7e306f7b0403e77cc7a3a5cbe2733fecc8b77967fbf010042fe156a827bc80475a14b74740945ae4bc53de03178053fc126f41f1809fe6531581d664b98cd1a664566aab79aac11f6b53faf3b72f4c8f9c6b35dfdbd735e17e0a29c16feac2804af5a3012be9184468b15f8547d843ab920484bf0ffc0e2025980f203fcc03ff7d435305c53db207fb53998ab0b0f1140eaad92c9821e89539fb1f2a9282da649f7cf80e550709dbf71069c131f79170223d353371f36179da8da197ff0db9f7f5c161d697158cd76b3d96136db41390683d9a80004ea066ef4a650bd912643ac22e1c0d94ca1213a7827b89d565eaa0b419d6f09209dc56accce3cd43bdc0bac004063739041229fc940fe4900c8cf320de28194068016802462683ab030e1f20cf676745da97d5a53f0a8221b41adbbbeb0ff3c70035d2c70395bd27fae98756088302a4220eb3a5ff6ecd15f63d3a3633e2f1033e6f58efb7c235e3fca90d73f88e29f1ff00650fa3cfe1eb7afcbe5ebe2ab97b1cce5bb37edda575e6b8dfd0a9e0061270cc46c0015ce4ba78166897e49882e24146f11b12d48d3d813c4a387d436e99d11d044e1d6303b3253a3d5acb75a504c4e5bf49a982dbbb796571f6b7edc3cfdf2f93c6200e30663886048b0a25cfdd3c28172820052598eb46b9d1146c861282432bcfd1b1aa8aefe9206a0f7ff513fda80a2d4319435770b45e5049986605202487b2b942345e887d7c3d5454891b13e7e58f8fbdd0b97eb714f57f585b3fb9393d66e581fb1228a7bc74eabc506dae1d699c16a844e843fe941d134a2226d18339441caf4b9116f97ea4304374b61599a157d607a036d6ab21a8f24ed69ebef98f4fa86e7e646ddae513090c70b2504ee41990480081706af17410c4d077c6c842ac2514303ed7f5de097e7219311a4ce0af79c29e917c4f49d29ec3f53d48fcae982eefa82aec693435d8fa6675f4df87ca33e1fa003b61bf5f9477d816140c7e71bf6fb157a9e79fdfd88626e5fb7cbd7edf6828a50410a76e9d9d42f47320c11cbf4566388c900125dca8c32d460c174744b304d7a0be71b121ab2247409668d76a3d582c8c5d80d2782dbd82c66a0c7894683ceac3398f57a447f9bd160379a9db6f0a8e5ebd67f9f989678a1f15cdf509fd7ef273ee4f97414aa52b2d1a74006a004c90900fa841ed92d52dc03858e822e8888cf46a64e9fbdaa34900a6142367c58e4a3fc7e4f101672242ec0b78a8754f285ab52a8a3f0f2825954303c74f8c0ac6a6cf4e2ad9ba9f985bf6cdd12f3f56ac7f230abd36e76588d3633720a828694c304d560341810cbf5148f4a175301e843c83414950a40140780d112842d3d6c17020085e0430a4cb82cea4b77eddef8a8f3c984cf3f340b0de48606020909037927fd3eb44ff90353f381a940801a6801521a810c2d0096efb92f3031e71e181feb6e696ebf7aa6a3beb8ab36af0b02f974414f43514f03d4747e5f7d3e98a9eb5c79cfbd4bc343bdd3ee5950dab8cf8f93837e4620807c8111000814281a882404f4b809a03e882117251131e409b4cdcd5737777fbb6d8f313ccc68b7628e129119b3e03398fe92d090a52c4ba5426f59a25b0a24994cc8ca4c6023020bcad064345ac9d6a8a300583a287164af36a30ece69813e32dbc31d2bd7c46ed9b3ada4aafce1d3e6d773afde605579978d4ba63081252644846c14a490c771bb5264b8f611332105a9c5c0fcfcc0c878fd852bbc95a1852a16545807cd004c0c4c40068e5fe4ce02d1424829ee51220b57e2c580562009a7c2472fddeedb4f5b722b2ab71ed8f7f50f3f84c7445b9c76e862e4a266bbc5645742c7083d484236193861e6534000f30e60084ca3b7423233f6e32da103b30237baa5b41a7146ff0bd12d21b133731160e997aefff5db9b4d3790c00fcfba475c6ed1d190cf1e9004f26a0008243419f00343d3085e005060f1f9fc022ac8f0b96fe4f68cbabd233333236363dd4feeb75e6de8b856d77bf742efddc6ae9be73b2f55775e38def957437fe7a3d11793533e0fa80bb899f279278584c6fc943ec3c0901f1822f70cf803cf3c7e140048610881ac873c34df3a3b9f7bf95ef48fbf84cad6334854cd1d5383c813e2015c9602434b8821d64342962cc594e963e8860ea82f856284b9f816ce46fd0456863db94386cc8300b29a74dc61329a1cb68895513fffbe3e2d2bf5c69deb532fa7b170efb981f44e5436d798254842dc0e90cc0d185a60f0d2eaa284decc2fbe61083b7755ee857dc21071431008864026c090444aa11654c837022f80497ba814404200fc3fff7dfbf1e3e4cceccd870fb3cbcbd76fdd1ab1728535ccc69b3b1693d96a36033d366e66806f30b110041d5801b109919c1021026035308dc1a837302b31888d9602228a7858c42f89276a20f2909852f849c4e6ca35510d17eb46665e8e208d0703b911bf90c67bb0c0d0d1e0092c39e867129443e2412c0380e65f8096009dd99931d7dc34c35ca0fbd5eb07cf865afbfa7a8707fbc6467b414b43835ddded7d3d6d836383637333201e9c6dd40b687a483f0c61fe31100f04902f3044ee09808110bc18bfbc7e040ff5daebf6237e75b9030f5f7a0e55d6db63d7d0145613059014aa1fc3523803bd45a0b324f4cba5885f781b82fa12f010d20b28425496862c21b0f404df12418fd0125494ec7320b873479b646f72980c367388d9a4b39a1d9111dfafffe1485ae2a5eb17472746206e3efcf31faca9a29c05e243231b453f040df79534f4a00009e8c61076eeda171a74f8aa760e199e943456e149452ee289a14a649724e738e3878f1ffef9efff79f3e1fde8cb1797eedc4dcecbfd79d31f91ab57222a8366cc56233432732b24e4d4c84c3e75b0974aa9402a14894003df2abe0114f44010640fb30c233e85118575802dc20b664237520e10232d4c55802d13e1e85c6e2fad2eec9f1e077a46e6e6c65c08615e40070c84656609307e8187a6fd0150d18b85f997e02180c03d37e99a7beef3bd585c7c323e957dfa4246e5a91bed1d839ec078e0ed3397a7f3c5abe1d959a47550e5a41ce865c4472fa109050dee19f5fa8745030d53f7307e0d9084fc7825743c813e4ae900000429dde1f6df1e7fb5252ddfbc2c923b14d03448af306f13704010880002c512465f124314404b744bbe0c6151e20fbe0478015b0c677ac153283c2a449902a7d5db4ca03722094989956f45625b75160bae6889707cfdd3777149874e5f68e81ac4b87cf234f33fefde7f047488a4c54586308962eab93614e12aa6d720a7fee189ba868b0410c021c423c14b6d187e006e14803eab74500e7732a98f3f7cfce79f8ffffdaf7ff16dffd8c4b9bffe3a9c95b1f6970df6e51146bb1902d9e6b4215451e898a18ec5158808ee1d53f03248211517c40868809e5024e7b41a0c110aaf321b75369b3dd460a48de855dcfbc181c87875c00cb333819f2104a7c249e091a16069bb29353ba16db81f916878667674ce85a84412020361d58300429a36ed0b4000a1fe3c100080a6dcae9979ffab378bf787c70f57d4feb06def9ec3876aaf5c6aeeef7f3a3874f9e1e3e3172edd6f7938e5714d434b795c088b53a03411cee35e2f1868887b3f3e94018fef33808285c9bcc0a89b7755fd1deec0c5ded11f771f32391c0c3156334339d378b813e64b0dc4900456d6817260168086f18b84040c2d5d02dc40f3c1af4250615d00c73c0dcec7ed22c82068a0108b51dde7c16b88d0120809973338ac06bb05cc67745863bf5db5ebd0beaaba538fda9e8e4f4ffab881f401693f358cdc5603863430f179125410dc00a0777d43e3b575e73e0148948d442e55c8632822c5c143efdfbffff8cfc77ffefbcf7fb87dfcfeb5c7db31385873f9f2dea4c4afbeffce1266c7e2212d97cc1cf036816f00170423a81d700a4395d23aa288e128dced8036d4a4cfd225349c847c580a7a0651cc6c520c241c437e0e09a5abc14a3a284e0292a9ac9c4db646ccc849f47b0eedb8dfd532e2f10ececc8e088018c8206f2186908b013d0858cce7858a02017c34e5f1bef2fb67df2eb68e8e26e415affef6fb5fbfffeee8ae2dc7930e571c4dc94b493cb47bf7a61f7f4a8cdbf9a4f5fe4bbfe8713700c4a47ddc27a9bbc74b00797d835edf332f014401e4f33ff3b102f4281924c93c61d435e7afbedfbef2974d48a9907beb2c669d199ca10b316199312372ea52936109849d004507ac809642970a03819340484be872d0858c6ef0221c02a080a821a2754c4d2c26d808a02180987fe8c0704633f7b2436128d98434429a0249368b29cc1ef3f5cadfb7ff999c7db4eeece9078f9b11a95fc3a71617c029bc57f101c93f7f04776161617e01ecf3769e009aacadbff8c57bd95f16f523ba47ed20013778e19daaffa83fa6011ef22d2e3c9f73f50c8f5c6b7e5070e2c4e603fba3be596d765a206e18aa1c26930d018b43e4e60d498589379273e048dbbf216224c5d081908118ea1ecc9ffc2c45d85b22bde26dba1708463a808a42c8d25f42061148000d5085b3314d8329e1764b4dba8ddb7ebbf6e8eea0cbfdecd50c753418c84df4c80d0d66f293fe00f4ca44203021593deb1eefdcdb37bd2f5e669555ac5f11bbc561ddb33c2c3732a232cc59e2b42784590f3aad7116e3ef61969ca45d5d831dcfe70393201e9cd9e79d60f0027400208d7b001a257d50067cc013f7a3b997e8868ef6f74253fbe63b67bcb9176e2ffbe607dec48000822ea46b299e007f905fb1eac23da4162921c0cd92a55f7eb974e9ff50090903817542b8a321262279a3271331001105446d30103d727223b21779e4883b49bc22406600864c4e2b248739dc6a446599336a55ec8f1b371c483a547ef2f85f776f74f5754dbf9cf6f8bda01f328b3c43011534ffe66deff0c44986306a67d9dd092a1e91d57c4408416dfeeddb3930f3f3e7cd1d1d75571ad3ca4a37c71d58fdf34fcee8288bdd6a02786dd0f9928d6334a8988d8c53d0342ab830b1a44c56c8403a8a25ff5217fa25eac23d685942d6113331a8c34c60e92f972c5db2047011c40046e06d54c0d568fc12d907ac868fc4ac8026ad6f42f6abc7997f58bff6c2ad2b03b3aefe973348e6158610d1c8401274908b8dfb02e3821ed146fe17f3f3e0a18a0b8d6bbf5efbbbcd1c1fee880f77964684d73b9d554e7b46b8fd68843d3fcc7ec062fa23da5151923e3835cc43a8d0bdd0d1235e8f16b9986a79fbbc5e44ab7ec62c2662000de987993cb80730f20ffa175b5eb98f9c38ef58b106cbcc40c3c526b3d2cd905571f39d489240266c848a301043959ed6fb122692e0056bc9474b6037b81624147c8986854db00a441537eeb99d8680c01b447ac47ab931c29bb5603e83cd68c422dacc7a3b30e43039ec0687dd1211be6cd58aaf7f5ab779f7d6f49cf4baf30dcd4f1f0f4f8cce795ca425a450efdff78d4e55d75d208034e14c20817220863e7a1717a76666da9ff55fbe7dabb0ba7a5f4af24f9bff8c5df76d786cb47599d3cce700a98e41bf400f778da90111c5e576150993fb160c4fcca16008062cbe9266403fb4853090381051829650ce1f408169428818d4f8191a996c082131f633a1052c7162d4e5f4bcb74afe37e8ff4717b2724df4c98b75cf6666fb5fcd0ecdce8eb85dc32e0208852424b735b4a40cdc83f8e5f741fa343e69d9b06de7728b79bdc3ba2bdcb123c2191fe648b35be36d962d36f34ebb292dc29e12e1d86c31ee5a1375bda1626a667aca3f4fa9ee0180bc1af77811a4bccf3c601dc24571cf806f9e210c9f4a1fc9ed171e4cbeda5b5c6d8e5e8110a343ac11698878cc9d303237d6954bcbc0ad27b3221e19205fe08a12e3601c78d897300bfd90dc2c1e480b87525f735f5e51be18084a11a909bc9ab8913318b9bb2624074d4969814b40725036590cf2d483c9e930873bcd114ecbb2707b5444ccea553ffefeebc1237155a78edf957b6d9e40000c545573e10be086a18a99fc47c06a7aced5d4d15975ee5c624ed61f3b77acfe71ddb255318ec865d665619630074226284700cbdb0e50641c135897e3607ac5f84de182494ad0214a3813d882b98371a9846d20430310a858c52c15ad483904d097ff0300012be88376f017990c085bfa3f8228cc1d678323024cbc1438096c079735ea6dcbac9965391d931383731e30d090dc961f71bb19c5dcbc2daf64afda1902925e2e2eb44d4cefcfcc8d8888f8c661f92dccba2fdcb223dcbadb61de6f356db5187fb31876594d39e1b6824867bcdd72c06eccff7dede3bb8d537e21369767d0ed1df47807bcdce911a1c302e8a00e1904053de49fe72bd234a93ff32f5c7f36be25a3d0121905eb418e84580c489d98874a720aca411483a118d6a99d41e47ae08979036f02ea84a4693108c71033e338dc4f014867e0162b0c2eeac180b806f488f44421e5c81e0ad9885b06dcba6426cbeb52812111d1711312bc60b31941480e9b21dca10f73181d0e7398336c79d88ad52bbefff5e7fd47e22beb6ace5db9525e51cd7d20a89cc50f1f9e4d3d3f73e366625edefaed5b63d77d13b622d21a0642b3401df3c9511b0aa06332f1891ca3ec0102c50432174fc42ce04cbd272a07d316b6a0ece1c450787387a14aa0830a10c03e6c51d021c3c82bd143c329d20a312cd141303271254b0331387d480868498ea289d107ba81c11e3a7a6f725c537f2fd7750ef4e31e76b9c0130864632e2fc4af6c4c1343e35e3f127264f2558dd7a3bffd7e99d9f04784736f84e360987dabc3bec7664eb29812aca67d365392dd5ce6349786590f3b6d494ecb5e87be28694fc740c754601e0045923f04acb8c93dbd6e2a6549b84036944143dc169a4719f6cf0ff9b945d4ef9dbfd837b23135dbbc2c821913020a985bed6550af8448d8022ce83c78859f90b3f5103774a410bd1e5a87ce89a25f425b80766076c9dda0acb11cb406e0020da4760778371a4ad468345be4aeaddcff41c50a6ed3517260294178584d60889f82abf8f00c91e4b0004666bbc3e874226543fa660c7798972d8bfcfaab4d3b7ecfcd38f8c5fc870f1d23a3272e5cdc939cfcf52f1bc257ad302fe3e6bac14a7dc35b2d54392645363a33100d54239f226294c7104008595c6c61172ca7e2522550c0a212dc25c6133752f09e2620986026d2959016a40fdea05de40e7a4ad4a7600a1e28911157a14062052484febca2223f836ee3de6d8dad8f9eb9dc43528679534c3190f67422784849a2978140cbe8f88e23c9569bed1bbb6577843329cc99e070ecb13b8edaac65365391dd946ab7e4382c754ef389306b7a98ad2cc2916733ed591971f264d1c8cc34603a00c10ef4b8bcbd6e6f9fdbabb40e3034e001eb28f40486fd52027cedf604ce750dfc74f088dee9a001492de4092cb638a49e98a0e9c8b2741bca473a8dde4c0f415d623d51c5f82556e54622c425ac846416e6e22e09633a80425c320be6c2992d800525175a7436136f995990ed0240c6a5b273ad379be566368e024780326cc8d178931ba1cd613701494e8701c3b659436d9635df45a7256cfca2a6f1eaae94e4d8efd6da9645989d765b188b995f94b1f2413840471ed3218a1144a1ef3055ea0ec614ae198b3090845bb5f6987c28b789397f558030008ab8c1b4b1fc4239587b883e453f9241500cd2b7545c2732f80f2891600f7b91a535000142d287dd0856115e0628f4909f36ffd270ff56df9c0b521a0c81f825bbd2440ff76c506473888f79b83d25672facfcf6bb48b3e137c8e43047b2c376c869dd15663beab015dacdd90e638ac39267b79e72984b9c96230e4b7eb8a3c8695baf0bd9b9f9e7e6963b10e3406abfcbdd37e7e9757904438c5fe09e416f6004ac43f4f847fcfed1406094305ae870f92bee3f89fded4f9ddda22544bc612ccb4c796ba23411f90817a59772e20004f5256004f43093870ca259680dc43e9016cd28ec4e5b81c64c08e83a9d15c1510aa10939c5048df4832bf2ae80a65f895d3e39630045e9a890c01446339224874367b571030f22cc6e3320a8b1d88d7687252c6cedbad8d484dfbe58f3e34f8856fc8295c36e07809cfc921eef39989052e90d6039b31ee0a5462636831a9915eeec9166e8fd740ebc0ab5004fa004a697fc08934744e7aaf3311709de587b0d019297890f2987a35709ec18f8894b1c258093a8c78f78428218815f764484e1d19f86865dd02776edaad2b3b59daf5ef50b8028a2a9a33d201e945186330aeae7bec0e3c1d14d070f3b1cce9576cb06a775afc39ae8b0206fdf13664b725873ace60cab29cb612d75dacac04376cb619b25c16edd6337afd485ae5a66adaac8199b7bd9eff2f4b9dcbd73ee3e90908b37bc442cfb15e5f0de2a1f509c1f07807cfe91f9370f9fcf1c3856635fb9524f6ab77267cfc21d2c4a024a13861b1813858f216069316b1a99bec17d6ae1244e1cce26628066a75a08167133404ae223b50e758fa86f128f3c10cca0c9a487790f8c49f80a47f02e125a2cc8cb4c883c3a8b250491c7c8fb5190412627a063334162dbec6667d877eb56a51edef8853dcce15c16e688705a813849acc83a66a35c5e1e40c155418688a6400c67c2ed63120fb784d902eee1aeb0b011d18085a4ac61614f8615bc629949360c4cc40d312413c6798200620b8d25748290cfa88413d2b7d87f09290c9f706f498f3e38835850484860c7e4853ada9e5898f17862ac0f0ad7451944014400f1ce062a04938f4f0855dfb8bbe6e75fec566b8cc3bed66adaed30e544d97397432c9b936ca61c9b39d366c976588b9dd622bba5c061cbb0db92ecd63feda6155086fa25fb76fdf2b4fbd1a0d7d73de7e99e71f7babcfd6e1f9276a08792591e6c1df3cf033da3817979ced53fb2f0f652d7c0badd7126885364ce360b00c46755ad4a098949652ea8c3ec4b9991d0c290cf0c4c4006a99a4e4563d279d8424bc286440f1186c32d36b323dc89300227d7c1324486898f059b78275b653c440f71c3022264d443a4338582354cbcef41e87018602624dd610eabc36e648e66c64708676bd7ad4a39b4f10b9bd326df92b1006572bb4aa79ecb414a09d92fd42a0527124183e9a9220bcf448915028897274f7026740b14cc4a9b30f79a83c14b9044d7d1c2bcb4c8812cca164c25b48fa4202c7e0962a318479ea28cc576c04e89686661c2cf7aa3cdb0f3c8fe3b7d3dfd73de677373232e0fca381f917643478f8b949ef607da9fbf3a585411f5ed3a679833c66e5d6bd66f0780621c59cbed7b6dc638ab31c36949755a93ecc090b9c86ece7258e26ce6bd76f3069bf1bb307b94c5b4f6eba893f5c7065d733d2e5fe78c1b3062ae0e00790020dfa0c737e6f30337e381f9b1c03c52b0b1f9855ecf7ce9f57bd13f6e303af9ed41d9424381be3462fd245d12e784f1a98209144c1341cac895e67c550b45a582110513932931119309d8d660d447ae885cbe32d668b5c3b7b188068b998f5d4bacc40253b3938742413ca022460f91cf087cccf5a07499d29ba08df8110e07e940d8582d90dec819013bb3c3bcf6bb1549077ff9c2cc27fef948170296dc76e05eb88a1150ca381dd183f9003ec22eb2b4821b611a54b8d24a0ff14e16c041e2b1d8ed26ab9d014bf7258f32a21be6a6b908150f63130fe7810214467de2923c2cd405d3f0adc6313010f30bd848602a84849e4b7909410f5250a09f4a33e4972dbf5f7e786f60ce3d0811cd4c9ec433060c3117f34c73fb2770a97370437c46e4b73f2e8b8e8e7458575a0c3f80846ca60356e32e9b31d1662ab55b8b1c54d01561d69a305bbaddfc9b49ff9d49176d0c5d1b66fd2166f98ad8a8fd09fb5b067a80989e5917a398a67e889e61b76fc4eb038026e71700a011dffcd49bbf1f4ecd1c283de9885d0557861f639d6079f0fd5291297439a6d6125fc807a422b1180c4573a98c4cda5124ac8389958f91dac5b6a12126b331226ab9353c42210021896910ef8b91d499cf9bf44bcda121b015421b13401c83575e1d210caa99899828219d5023dcd26a872cb684e08446de65b28787ad5bb72ae9c0cf5fa8a7ba8c66039f09e48e93640428a419c611d2296f8003899ccc120285eb0a622457c9f2b3b3b42b2201d4f860bcd5c45b36a06182129c0102a307d022cca2481eec4fd0f010f12a318df816f94ccc2796426f9c99fa5a015ac6403e53c99a6c72f0714f1326620cfdf6a76f4e5c6e1872bb87dcdee13997a00718f2321d73b99f63815dbeaac7ddbfa515af58bf296af5d7cb2223c22cc6af8dc6fd165392c5b0df6248b1188f59cd903e79764bb5dd7ac669435ef68b51bfdaa85b6e085de5b0acfb7af58aef7ff869cbe6fa8b0dc373b348e311c2fac8403ed00f9f70e553413e4a1fa04762d9f89bbf2fb4f77ebf27debc7c39bf7e2adf40d599410cdc9e41bca04e6028d1240bd14337539b1ac087660db528000a8dc016fc8fceb7946a811e8e95524227840a9db1890b4a29024bd1dbe5a11a4a2e29e408f59404faf00ea6d160e2137f267e05cf6ed359f80897d169e19615c1a4335bad8e88e8b5dfaf498efbf90b3edf6f369a407198034e0d37907bdd6402593f0107f4a96c7351867062cc8d246a900c993548b4e294e02b92857151b9af454c0875c9997979028269179f4c106a613c82a10823ea1b0650da8566226361c2acc8f353302b632b2e17e4278e48e21a920e882db3590f9d17bd2636f37851cfcb69301040a3bea131ee452ee69af47826bddea7d3b3654d1dfbabcfafdb97f0f5af9bbefe697d744cd4d766c35e8bf1a0d9b4d162dc61d167d84d9912c2b2ac14439bccc6ef8cfa6f8cba6f8c211bd7adf96dfbce359b777efbe7a6436929ad83fd835e3ea82a0ada3704b12c8a673ce09f988700028602938b6f7ae67c39a72f38d7ac352f731aecd49ab0bc52b8d4b0583913526b040ecdaac2cd94cc9826dc8cf44cbfa2cb89dd2470638db82642516aa5a825601c26c21219344d0287241150d330d6930ef0297941d3ec7457de7c059475268bd18abc0a2939888737edf96423688900c27f2d26abd3f1f5b7d1c9f11bbe80c3f2db6bf2051a913e22cbb92548e2619ec541088c50384a8c42b26bc21f6365a8e6dc84a8f0aa5c04a32731e02d853042185327701be7268915a6ad24b01c42a3c8061ab14b9622cd90b784e1143331d8613c3007ceff6fcc495c27fde228b3dd68b29bf50eeba6b85db77b5a87dc1040723bcc0306e2b70da7bc1e34de18795ededc95de78ef8faca20d71499b8f24ffb67be7ba352b7f34197e33197f3019779af548e3f39cf62ca7ad28c216176e5f6dd6af30eb57ea43d72f77eedab777e3918c6f36ef5df5fb9f3fefda557bfd6adfeb5790cfcce1dd4ce0e5b944ff44803c34ee9f87a09efefbefa6a1896da99996e848737898301093154a10e6d854219444367ef78d64c0a2b896e695640546030d4b324beb2d410bec4103024f30887e29780447d1982ac44b943050389b96d0447cca0ad1064cc3c8a5168e3bf806797498d2456d4903ca662863a7c5e890506b05ed3041e12bb77598e47ffd4d4cf2c10d5f2079c33f043b108f8c18cb86a41d0bce3a014494103deac91b49a9e4a3cf00129d4f1c101ffc48881488e6cc05345c66b00ba627718ab8e1dae33cb48be64c021aa81c1842b80d80e3d984c0784eb90aa7415a82bd04a0fc860b120af4048c40a350a616d397fad0d81fbe39d17876d8ed4151f10b00e27755bd9eb65773970726ab1ef7e6fcd5bcafbc667b6ee9dec2d2e4e31507128f7c13eefcdea4fbd964d867361639ac19c8bc1cd6e3d18ec3d1115f9b0c5f19f53f20c58b3f5076e14ad6b91b71c5277667166c4bcfceaeab6b191946d8e23d2fb76f901bd0feb14080dff2c12b53300aa086e696757b0e2c5bfbb5393c9cb98ccd200a033285f7cca95ea122906673cd4591d008e2d59addb8e38c75a101d58a00256a09045bf810dd4101b03c1948595800ca9b04a419321073584127d70be8a4df024330206d888b52447353d1c4e15132cbe602832c691200c2980d5600283a256efd17dcef915b7592ece9cc1609671cb4e0519021e310a18e0b988059ee850379820029320e604b56144c204bce1372d5252e522db12e5c423ae121340d1a4966988b4c0f07024c800e61216e416ae599613215aad187e61374f2e47459d9e490691b98129b0dce1591c98559bdcf2747bdfe51b78f51cce59ef221d3f6dc1e7b79b17ffce4d3be9c6bf70e57d5ef2d3db1bba8a2f4d295cab3677f5af7fd6a93fe678be1a0c39a15e638e0b4efb65b929c969d0edb370603625cfcf6dfaa2f5dbedc3d7ca97be45cfbb386471de5b79a2aee34ddea7bf66cce35e497a71021837c3e6e1efa7d138bf3a3f3f3930b8b03def9929bf77f48485cf9db0663981d4ca3b719f5767e2755e5d57c048adf67a261e5ce340d2e99b6b83e43013c473d47471e120fe75a107c64299a482ccce80184292ee72e336fecb3a7980e8da217b9763c80c66437d9130216a05de184008d819e492313c78038f53eb275e68c201d8be59b6fa3d38efc4a0d04348072303ed4ed0e64f516aa30154a30382d64529421fef19520e552f1d41cb7604875c65ba087519c7110a3c418f8dc970c5a4ca0e689824318fe307b720cfae16c0cccb22baa8e12d4133d2c3ca738253e2298a431947757282074dc7117ffd059f9ad4d4774e4f6c4b8073d6d085ea3c886b819ed9af4f9da5fbb2f0d4c9ded1da978dc9579f9767cd5e9435575f19575a76edfbbf4e0c1d69d7b565acceb2ca67d61d6c361b64d0eebf776f33ab3e16ba3618541f75d84edf8b1fcf32d5dd79e4ddc1999be37f1ba69e2d5f5a1c96b0363977b075b9f3f1f96bba700d0a0cf37e0f78fcdcf8f2dcc8fcfcf4f2d2c3e7a395774fff1f6a2e2d51b7fa300b2992c0e8becbdf15738e4f61377fcf9c017cccb4c47dd21e7d3a8bc6f2d66a7951439c1a9c4af1871041668170b2bdd4d1d6dc0b1388ad256f597bd662a62894a4ce0b11c424b6680c3ae37f1ebf736b3d966b3322441da5050539f018510b0e630b335cc8e5c0c0032d9cc3fffb0aa2c67ef17409c3cb38c3970c4dc4b643c23a30a540598e41e6e46cb5745f9a82137a0002c894a4aa3492102d82e2620ef4964e4ed33c294c921bbf1e4b2fc9c00c99930e269397f1a029d894582522a0c53b429cf1f6ca4ff11dc30b1d1c207ae994e726010d230b7317cc5f21d2987afb73e190274bcccbf26a07e3cbea6e9d9f3fd93755dc385f79fa65dba71e45443e685c6bcab37ceb5b4dfe9ee399296b6ca61fdd66c4c0db3e784db0f396d1b1d9655366384c9106d31eef9e3e74bb76e5ced1bbd3930d93cfea279e2f593a99947d3af9ba75f5d191cbb3f36d9ef7243fd20840df8fc837e68e705c8e7a9858521effc5f632fabdb7b936aea56fcf41304101406f7fdb9b1cb049bb7a804fafc2100388096def3292b0a2348100b9d8d5e440b2867234a604fac0b30c49562916e7881b9ac463dd8826b0f9bc3bc46f89505a2989b813821f53b498e4845dcb770f7d8c4a716f9e0221f1ed2f38709982772e1d007529af753edd625104536e3c11dbfde6b3cf185d58ec9d80cc85e040132205e0eaf42a41c1f6804affcf6163709e0e57c2e099d194fd04d22370ec4a7ac0b9878142a0a7020388c8918c519f8d56e0091211fd827920829b418c5e768050c9727e1a7da78e4e73878753a845c4b20252e4be8684900cf8c827e86c8d8c80359a997dbda0666e6988279a0a37d6d339e6ba32fcef58dd7b60fe6dd7c9875e556e6b92bc7ef3e3cf1b8bdb177f06e7b4772e29158a7ed7babb13632a2312ae24464785ab8e317bb39da6c58b3cc9e9b9578bbabf7e6d074d3c874db8bd98e57aeee594f8fcbd331e3ba3ff5e2eec4f4d397af0720db8121a087b7c002130bf3538b8bed33dec6e1e9b3cf46526b1a2256af31d9a14fed7c20da8ef55000a2a006d3004ff6e50e6b980d91824e255f46008cb0ccd41926a440e2ba7036bec23212ef0455e284586cb4c05c46d00ca80e18823dd59951b8e127d044720e4fa322e6d50dfc21225458cce472c1b456380c0c92bfe565442e6637fd8f7ee9ead865a78f65bd98e8fd226c79b82322dce6705a6df867059eaca05687c566878b20dfb758ec568bcd6cb59bad0e7e011bc5c20a3a58ac360be29dbce5374d1d0e2b8ad5ce9f0fb3d8e47cd21f9f3a9c0e4798131fe16c36275b2cbc104ecb3320b2e22436b9956b71b280db6d7cc25a5dcb6a9507f5ad76b69b312afcd72683443b4fc5169bd3c2af8887d9ec614e67b873d59a95fbd293cfb6b676bf9e19f778a77cbede39cf83e9d9ab43d3677b476bdb070a6f3d2abbfdb0fc5673fdd39ec6fed1ab7d83750d67f7fdf0c3da70e71f118eb32ba32ead8caa8c8dca885abe29dcb9d669fb293a22233de14e776ff3f8aba7932f7b665d7d2eef00f2760f322f77fbccdce35773f7265fb4bf7c3d0af4307b9f1f0bf8a717172616161fbf745f1d9d6ee819385c5619b9eaabb0c8704764987d59b86d59b83dc26947b6ec7460fa76a7cdb9cc19b5322a3c32027932cc8864078642b033d35c764b9893f7386d66b448233f958726cce8005be10cb0394c4a5e8065c26d301d6de884add841153396388c3f10c8c585497136d4717e070f77c0fe6176405c3af32358958b1266b587db6de1b6555f2dcf4e8bebef689e9ff77c11bb6a454c6c4c746c6cf48a98e898c8c81591512b236362a3635644c7ac8c8a5e1115151315b96279d48ae56c419f95788d5ab1222a063d6358f016fd23d993f5e85531cb574647464745474747ad90f615515f7db5e2abd538327a7914ce191d158b734645c5462e8f5e1ec982eb464562182b57acf86a052e8103319e48bcca48a263a378dd95b830cf16b32a2a46fae03cda0863a2d847ce10bb3a76d5375f7dfbc3b707520e5fea68c78a8281a60381ae5902e8c6c88b733da3751dfdc79a9ed6b7749c69ed6eec196a9a7c79b5adab282d73dfea95eb57c56cff2aa6e29b55156bbfcafae6abf8af56feb92af6a7d8e85f57c524eedf7eafada5e3e55ce7abb93e9707091762226f7b79f93050b7dbffe0f9eb272f5e513b2f2c8c0416a617169e2f2c8ccd2f34bf986b1c99ae6beb3e5454f2d577dfc5ac5e19f5550c5e6356af8a59154babae888942898d8e5d15fbd557b1d12b6396af58b12c266a79ccf2482c4a4ce4b2a8c888c86511d1cb96452d47898c590e6b2f8f8e5a1e15b92c6619fbc05c315c1494655111cba396e1d8e5d158209a7a594c64040e84a9e56c6ca72523617cd47995d8c8652b22b13a782b4b03db46476299622323a5b21c9f4647c6ac8c59bfe1bbd2c2b4feeec75eefecfca2ffff021a5c3c32bde9c8ae0000000049454e44ae426082);
INSERT INTO `student` (`student_number`, `lrn`, `first_name`, `last_name`, `course`, `section`, `pic`) VALUES
(21, 201910501, 'Johnny', 'Black', 'BSEMC', 'D', ''),
(22, 201910500, 'Roy', 'Gopez', 'BSCS', 'C', ''),
(23, 201910499, 'Denverson', 'Caacbay', 'BSIT', 'B', ''),
(49, 201910502, 'Murasaki', 'Purple', 'Test', 'Z', 0xffd8ffe000104a46494600010100000100010000ffdb0084000906071312111513121215161515191718181818181616171715151716171a1d1818181d2820181a251b171821312126292b2e2e2e171f3338332d37282d2e2b010a0a0a0e0d0e1a1010182d251f1d2d2d2d2d2d2d2d2d2d2d2d2b2d2d2b2d2d2d2d2d2d2d2d2d2d2d2d2d2d2d2d2d2d2d2d2d2d2d2d2d2d2d2d2d2d2d2d2b2d2dffc000110800e100e103012200021101031101ffc4001c0001000203010101000000000000000000000405030607020108ffc40040100001030204020707020405030500000001000211032104051231064113225161718191073242a1b1c1f052d1236272b214333473f11582e116354363a2ffc400190101000301010000000000000000000000000102030405ffc4002811010100020104010206030000000000000001021103041221314114511322323361b14281a1ffda000c03010002110311003f00ee2888808888088880888808888088a26639a50c3b7557ad4e937b5ef6b07ffa2825a2d2b30f6ab95d2b0c41a87ffa98f7fcc08f9aae7fb63cbe3abd31f1647dd074645cb2a7b57d50689c2c1e55df52891e274b87cc2bbc1f13e66f636a332fc35661beaa38c63c11fca745ff002e837845a70e3e631e29d7c3622938c4f55a627b0121ef03996b480b64c06674abb43a9540e0448e4636d8df7b79209a8bccaf8e7c6fe1e66c107b44440444404444044440444404444044440444404444050b35cd68e1a99a95aa0637bf727b1a05c9f055dc519f9c3b229343eb3bdd6f2683f1380b91d80093e124716cef3673eb6b7d46bf11320d6159a4102c1b4dec63183b2e4f8a9d2646c7c59ed3df5039b86e969b6fd60d21c46d2e76925a3fa60db75c8333c53eabcd479e91c7e2d6e7b88ef353ac558e759f3f1000ab4a96b07ab55b2d7022d6719d4d8fb4442a71508b96874de499fa734a5786d171d83be6bd1d43707eebd3b16f3cf4ff004d82c5addfa8a843db4f67ecbd51ace63b531efa6efd4c7163bd5b12b117f6ac9a67920de720f683561b86cc34e268181fc51acc76f4865cd3fcc64770bb86ed86c4b7a318bc057754a2e20163bace63a234550648222277da09692d5c3cb0c7d149cbf175293c3e9bdcc71804b49122661d1b89e46764d8fd04ce2f3a454a55010d8e9295404bc35c601696bbacdd5d5244969df5010b71c2e3995a9b5d4dc0ea2363b69327bf97d17e7acb7899e1af2c6b4178730b2259a1e2088981b44761b2df783b8969d0d6e73df53f84cd2cd32f264b4691f0f55b4c998b39849b5e4756057d5a46138bdd52a39ba04b090fa409754a64103afa41601ef5dcf68ea15b8e11e5cc04ee83322228044440444404444044440444404450f32cd28e1dbaebd56536f6bdc1a3ca773dc8262a8cff0038a7418e06a358f8913789b03e33b0e6b5ecebda760e8b09a4e359c05834403d905d1a877895c978938cdd897b9f529bf4ba4b417dae001d411a8446f3b7352991b2f1067ac2d3d0bebd4924baa35d4c13622cfaa1c7c8792d03198e656275bf10d3f087d5e95bdf05ed0699239eddd02f52cc6169fe1f57b009b7dbd54fc165552b3bdd066f3dfdb655cb393daf25cbd21d7a4e640043d8e12046d3fdaee5b41efb2c1d10f867c0fe7c96f383e0d26249f0f1dd59d2e0c60585ea318d674d95734140f67ecbef40e71dbf3bd74fadc24c236bacb83e1a6b3755fa9c53f4d5cbdb953f7d250606a0f84aeccdcb19fa428f89c8e9bbe10a9f55fc34fa4fe5c83a13d96585d4e1bebfbaead5386d926df45579970ab48eaab4ea62b7a5bf0e7782c516823bff006b2b5a7983e1c1af80f0355fde832351ecdac205873baf19b642ea6642aa63c830ba31ca5f4e6cb1b8f8ae8fecff0010d0f6d205e454796b5a246c1ae2e2d124b9c61a3b03493b2ef780792dbc7316eeb19ef9e578da4eebf2ce518daad7eaa6fd2e234ea90dd2d300c1f8445a7b091cd769f67b9eb25b44bf5d4d3f093a1ad1db27b8dccb8924dc415751d1d111011110111101111011110111101732f6bd989a5d180403162012f133b588036ec365d35734f6ccf0ca6c75af22ee23c2035c0f99b5d131c5b1f8d2f170d17e434c7226045cf3b4aafa84123483df79f4116f52988a849b47929394e1f53c03ccaadab49b5b70fe446a10e23be1744ca32c6d31b2f392e5c194c00adda2179bcbcb72af478b8e6319194fb96514d78054a9b2ce34a88f17589ca55467358831455a31c210b2b565a6d50946753586b52055956648519d4d131ade6380d40ae71c4396e871204782ec588a2b48e2fc158ba2fe365d1c1c9665a61cfc7dd8edcf285683badeb8373f149d4d8d7c38b9a469635c0366e60092fef749f05a1621b0e57fc1f993995da0571481224dda0c1f8b416eaf0279af463cbafd5749f2d07b403ea17b58b08669b0ccf55b7edb0bacaa5022220222202222022220222202e77ed9b2c755c2b5cd9ea4cc098e637200ec5d116b3ed1696ac055b03027dd2fb77346e7c6077841f975cd2091cfe8b66e0fc282f0b5ca8093b2def80b09a9cd81dc7b4c4cfd82cf3f4db8ff00537fc2d0d34c2f455be2a8c32c153b8f62f333c755e9e3771929852039476349521acb2ac2bc12bccaca588189532b142c817d0d5ef4284ec6b82f2e0bd744be06a943c3a8cad578bf0bfc33e07c16e218a8b8a30d348c2b63e2a2f99a70dcd1b0e5378368bdd8ba429fbfa846fdbce2e3c42f39e52871f15338070afa98da3d19687078f7891d59eb6d7369f55eae1e9e4e73cbf5661c431a0f203e8b22f34c58782f4aca08888088880888808888088880a2e6b43a4a351913a9ae11df16f9a94883f2a67197f4755cd3a8b81e608913ef5c0b1e56d9741e00c3010636fcfd963f68f928a7892e0075c83de667eb1007203bd5b706d33a5c6368fa0dfbf7f559727aae8e39e9b7541a9b0a9b14453dc2b5a2f17256bd9a4b9fef1f0b442e2babe6bb31dcf0994312c3f1052db51a76216b95f2b2f00b6a16c77348fa4a82cc1d6a6e9e9350f43e509ac53badc0eebd3405ae3318f11f9f4dd5b61ebcaa5917896405f45668dc80a1621cee4aab13847b875aa4786fe5d8924f92dabba999521f1858e9e303a608201dd556072d6ff313de7f65714f07dd6fb2b6f156ed258fb7dd43c7b35348525b4e2c2d1dc178af7e4ab949f09c6b85f1451d355e3b0fca6cb66f63b970a98c61d3a836499896103b2679fbddd1daa9f8bf0e5d8b7b46f36f35d57d8f650ca01c5e0b2b96b7a8483d5372606d79dfeebd0e3ca6a6de77261776c9e23a72222d58888880888808888088880888808888352cd3083135aab2afb8260fe82db48f19bf9762adc8b07a1b58c7ff0023c0e7669857b99433a5267aceb784027ea3d140caceaa0e776bddf2b6fcfc5714cbf54af4b29bc71b3d78fe9e392a9cd730a349a41264f6364cf9d878dd5ce9b2858bc334820b7cc2e79755a69a0e7fc4f5f0da669e9151af734b9ffa06d0d044924017e6a064dc475eb073cd396b480483dbd9b2db31d95d17374be99701b073750136300ec615750c87e16520d67806b7d02dbbb8f5ad2930cfbb7bf0b3c1550f00f22ae70edb2834306180340023b2c2558521021735ad92fa305ab53c7e2cb6a36988d75090d048166fbc4cd801da7e7b2db18aaf31ca1af21da412369f5569af93cfc39b679c5189a359d4f4b03d8e7021c1ceb08d2e049821d26d168efb6eb8ac657c3b69c7475b5b41fe1eaa1504f6b0923d63788b23f2a05dd6a7b770f9157583c0d368f77d56d7931f5316538f29777262caf37353dea6e69e731f38fd95957baf8da606c17daad80b1b576974b2f0ecd5ce7096b580dc5a4c347e772d9a8bc53cd30e45b582d777ee1bf55439b66230d8ad5a41e91904f70368f9fc95de01edaf88c2566f27107ca08faabf7799fe96c71d636df9dff4e92888bd378c222202222022220222202222022220d778a68b8c16827b40dfd3d7d164c3e1836801112013e244fe782b5c5d2983dc41f023f785068d322886933bfd4985cb70d725bf7764e4df149f6aab0d958ead3525cd858deb92c75cbe101d4d79f259eb1014335778e4a1318265d1daa669baf34453680e2412eb9f359fa46dee2654f6ea27e5e4984ab52c2e167ab56906cbdc078903e6544cca8b7a396b81d8823b79276a5f5a25656d15830ce30356fcd4ea2e55d163c8a4be546594ad2b0d7b053a55aa712e5fd331a1a26a6b1a45bdd20eaf2f755df05e5da2a5361bba9873dddc5c0001630c6f482a3be0063ce3f6571c154af59c6e4999ee24fec15f8a6f92457972d7156d4888bd3792222202222022220222202222022220f350482ab2935fa1c1cd888898beead578ac24154cb1df969867a9a505417516bb94ec436155630c2e0cfc3d0e3bb8838bc501695e69d41165af66989d353ad3bc00b2e0eb547ec20476c954d56b6c9e1ef30c0d271eb80f1c83af07b978a50d86b0c01cafb760599b448bb8b7bbc3fe53fe9fa9d3abd0857d7825b528d4a352cfa6c79b7bc3541ee9563840c204088d872f28b2a6660b49bbc03e371f965634183488a801b9b11cff00e53c1771231aed30567c1d65439f5778a705c0c9b6d323ecb2709629cf6f5b71632ab963af24cb6daa563abb2fa1eb0567a8da119b9556a875536b5ccf75c0983220cdec45fb56d794e03a16c5a4c4c6d65e387e9c5007f5171f9c7d00564bbb8b8b19acbe5e7f3736596f1f811116ee711110111101111011110111101111017c72fa882971a375458f57d98f55d1f90a931cdb4af3b97dd7a7c5e9af63f2e150c93754d9870e54b3a856a8d20ddba8969e7b15b5b29a934e941921531b635b635bc3b0023a4c3b6220c1325d6bc9e563695269b2806cbb0ced71b87189edf794acc8c92436fdd6d96bf5b1b5a6d4c9f3f35accb6b498ff003ff5b053e8eda30addefaddca0f79e77f258f1996bb10da94c86b1950b7dc05ae606e980d78889d3781cca8794d4aae3d664477ad9a93891b4772adcb46531f88a3a7c334a981a1b71bb8925c7c4956583a019b6ea711daa1567415965511283963aaf9b0fc2a3f4ca7f0fe1fa5ac091d56758f8fc3f3bf929c31eeba573cbb71b5b6616968635bfa401e8165445eabc811110111101111011110111101111011110111105667cd68a66a39cd686ee5c43441b6e7bd6b951fb854deded951d816699d0da81cf1dd04027b84958fd9e3bfc565546a6afe2d33529389333a1c4b67bf4398b9fa8e2ff0028ebe9f975f96b61c2344c47fc2978aa363654a2b3a99eb5bbf929aecca441375cf278755f688f65d7870683040507139b341f1dbf3f375498ecc4de1cb3edab6db651a8dd829d482d2f079b906e63b76f5563ff00a85ad173b276d3b9b255700154e2ebc155b57372ed9607620b94589c528e209302e4a9dc25c62c6660fcb6a3402435cca839bcb039cc7796c7c961cbf0d1d63bae6f96b9d573bad8861b53a9677f33035a3fb574f498f77269cdd5dfc8fd2a8b0e0ebf494d8f1f1343bd44accbb1c022220222202222022220222202222022220222abceb3fa185617d578113005c923905325be20afe2ca0dab4dcc7805a4410798d9736e11c60caabd5a0e27fc357707027e07c06fa1007a2e8389c6f4d469d58d3d2303e3b03c4c78dd68798e0c55ac4380d0d170bb3f0267876d267db771bc62a9b5e24438116e762a9b19852018fc2b53caf3ea98277455097d1f84ee583bfb47e5d6ef81cc69d500b4820dc735e372f167c396abd1e3e4c739b8d3b33c31930ebf206de9f3f92d7713a9a62e3b37fbf25d1f35c134dc2a2a997349d967f8baf717fc3dfa69e58e8064fdc2cd428b9def4f85e605d6d54b2a67e90acb0997b4720a2f32d38b4a6c061dc40b1161ebcd5e60b00b357ab4e8b753dc00ece67c02d6737e237d41a6982c69e5f11f12b3932caa6d912b8af88430741873aaabad2366f6f9fd157f0fe5eda0c006e6ee3dae2a2e59810d97bbde3f256f417bdd2f4bf858eefbaf2f9f9bbef8f4e8fc098ee930e584de9388ff00b5d76fdc792d9170b7e7f5b06e754a0f832c6910087024d883e2b6eca7da7b49d188a506dd6a66d7fe53b1f351cbc37bb7194c9d19156e5b9ee1ebc7475049f84d9de877f2564b0b2cf6b0888a011110111101111011163ab59ad12e3083228f8ac6b29fbc6fd9cfff000b4de2be3e6e1c16d382fbc0dddb100c6cd13dbc968d4319531f88a54eabc9a6e235b26c762e98f7858fbd2ba78fa7b7ce4adc9bd677c5ee2ee8e8c468d4e7fc2019d3a62ef9f21179ede71c645f53082abdce2e7b8c12475698000000b09b927b4ac99f661389aa4441240ec1b8db9c0b2f7c48f15304de7a63e90baf0c6633c456ddba562c814a9e9d834447645969b9ad4d12e1dbf50aef24c78ad83a049bf46d9f168d2ef982b5fc6d415039b3b9f4856c6685351d350b83b722dff855f4ead6c1be5b761b9672f11fa4af81c58f8da0abc6c56680472f9a8e4e3c7931edca270cee37716196e7ccaedea9923769b39be2398ef59b5895cf33ba1fe1c1aad716e83008b1d4790579c319dbb10dd154b4541b72d4dedec9f05e0f55d25e1be3d3d3e0ea267e2fb6d7fe318ddca838ce218114da27b4f251b138672a2ccf14ca4d25c754726defde760b978f8ee7758cdb7cf398cf35eebe25d51c5ce25c7f2c148c261a0ea75cf2ee55f9362db5a4ece6eed3f08ed6f685794f6b7fc2f7ba4e9271ceebeffa797cfd45cfc4f4f6365969958415e6a3ec639d878aedd399af71062097d268ddcfd67c2e07ca564c5e174ea70317b0e513361ebeaa103d2d773f768eab7c1b6f9dcf9abbaadd6d8ef59c9bbb4bce0714639cfedf45b1e59c6588a074b6a1207c153ad1e1378f02b4d6bcb5f0ac714dd4c0fdc8b1ec206d3ea99632fb1d5729e3fa3520556161ed1d61e9b8f9ada7098da7544d37b5c3b8fd46e17e71c2d687789f457586cc6a5370731e4111da0fa85cf9f4f3e16993be22e6795f1e5565aac541cc9b11e607cc85b8e57c5187ae043f4bbb1d6f9ecb9f2e2cb1f85a58bb45e3a56fea1ea116697b5e5ce0372abb38ce69d00039c351b068bb89ee68b93e4b4ee22e27349b3565ae225b489bc46f52361dd33e1cf5c38ae48daef89b8ce8e15a63acf321ad1bb8f77777ad5b88b3fa8cc132b5470e9eb0968d831a6c4b41bcf79bdfc169381d78dc580f32ea8ee7c9be1c9a07c97df6859b0ad88d0c3fc3a60319e0db2ebc78e63e95ee5232b17b8b9c4924cad9784ab865573b9869f9ad530a0ab6c1542c6bccc4b485b633c29bf28988ab2f719dc9f9ab6a757561f4777eeb5f66ea7d1ab0215e2bb59f08e766935f409d89737b21def0f5bffdc54ea989974b76bf96e169b8996bc3dbb833e215a60b19cb93b64c7ec9dad336a009d43b8782b5c970f024f2bf62818474eeae1b5dac680e80d00b9dfd2db953a4b47f685882ec453a0db8a4de9aa01fa9fb48ed0dd3eaa91ccb4b4c386c46e0a8a31eeaf5eb5676f55d3e0d2768f00d1e4acda01b7e42e6c64e496df95add5f0b6c1e695aa53636a93ccb88b12db8009e5dbe8a8330c503d565da26f1b927f6527118b869004ceff4f92ab7b4a89863c78f6e3139679657759b27c77435daf27aa7aae1fca77f4dfc9742a3696f67e7d2172ea8d11e2b7dc97125f468bb9e92c3ceec247d82b70df371532fbae0aabcdeb430c1b9ea8f1703f412558d47c3493c96bd8ea9aaa69e4cfee7413e8207915baaf984a418d81f96560d759426b549a26ca34942c53bae559e0dda985aaa311ef29995d5bc28d2582a883b2998193bac79832f239a9195efe29a1f6a6234d5106c2148e934925b693208ef54d893fc47789563857cb409b8d93485a7fd46a7eb28abeff811476c4b7967feeaff00ea2b4ae3ff00f58f4454c16cbd3df01ffaa3fed54fed2b56cd3fcd3e27ea5115aabf061b7fcee53cfbaef0fdd7d456c7d2b7da0337525115a211f17b792f385f759fd5f7288a67b2fa6d14765ef887fd3d7ff64af88997aab63edcd728d8f8ad870def0f3fed288b0e0fdb89cbda16237fced51eb6e57c44c9310b13f71f75b8f0bffa76ff00b85115787f72997a5ce33ddf31f55af52ff32a7f5d4fef7222e9ace2c1bfbfd9296de688a1643c57be7f39af582f782228884cc7ecbee5bb84452941c5ff0098ff001fb29582445054e44441ffd9);

--
-- Indexes for dumped tables
--

--
-- Indexes for table `admin`
--
ALTER TABLE `admin`
  ADD PRIMARY KEY (`admin_id`);

--
-- Indexes for table `history_log`
--
ALTER TABLE `history_log`
  ADD PRIMARY KEY (`history_log_id`);

--
-- Indexes for table `log_record`
--
ALTER TABLE `log_record`
  ADD PRIMARY KEY (`log_id`);

--
-- Indexes for table `student`
--
ALTER TABLE `student`
  ADD PRIMARY KEY (`student_number`);

--
-- AUTO_INCREMENT for dumped tables
--

--
-- AUTO_INCREMENT for table `admin`
--
ALTER TABLE `admin`
  MODIFY `admin_id` int(15) NOT NULL AUTO_INCREMENT, AUTO_INCREMENT=7;

--
-- AUTO_INCREMENT for table `history_log`
--
ALTER TABLE `history_log`
  MODIFY `history_log_id` int(15) NOT NULL AUTO_INCREMENT, AUTO_INCREMENT=6;

--
-- AUTO_INCREMENT for table `log_record`
--
ALTER TABLE `log_record`
  MODIFY `log_id` int(15) NOT NULL AUTO_INCREMENT, AUTO_INCREMENT=74;

--
-- AUTO_INCREMENT for table `student`
--
ALTER TABLE `student`
  MODIFY `student_number` int(15) NOT NULL AUTO_INCREMENT, AUTO_INCREMENT=67;
COMMIT;

/*!40101 SET CHARACTER_SET_CLIENT=@OLD_CHARACTER_SET_CLIENT */;
/*!40101 SET CHARACTER_SET_RESULTS=@OLD_CHARACTER_SET_RESULTS */;
/*!40101 SET COLLATION_CONNECTION=@OLD_COLLATION_CONNECTION */;
